"","MinTemp","MaxTemp","Rainfall","Evaporation","Sunshine","WindSpeed3pm","Humidity3pm","Pressure3pm","Cloud3pm","Temp3pm","RainToday","RainTomorrow"
"22355",17.8,25.2,0,4,6.4,13,66,1013.4,7,24.4,"No","No"
"67611",9,16,0.8,1.6,7.4,26,53,1013,7,14.8,"No","No"
"75047",7.8,12.2,1.8,0.6,5.4,22,84,1026.1,6,10.5,"Yes","Yes"
"6108",6.5,17.5,0,2,9.7,7,47,1024.6,2,17.2,"No","No"
"37688",9,22.6,0,2.8,9.5,11,42,1016,5,21.6,"No","Yes"
"138340",17.4,33.4,0,6.8,10.5,20,18,1012,1,32.1,"No","No"
"120058",18.6,32.6,0,9,11.8,15,38,1016.7,1,29.8,"No","No"
"133335",18.9,35.5,0,15.2,12.2,31,13,1009.8,1,34.9,"No","No"
"22827",16.4,22.9,0,3.6,10.4,13,57,1023.8,2,21.8,"No","No"
"13105",8.7,22.1,0,3,8,15,39,1017.3,5,21.5,"No","No"
"76331",7.2,14.1,6.8,5.2,8,26,65,1024.2,7,13.1,"Yes","Yes"
"31824",13.1,20.1,0,3.8,10.1,22,55,1015.1,5,19.2,"No","No"
"32964",12.2,19,1,3.4,3.4,22,57,1023.5,5,18,"No","Yes"
"77034",8.9,17.2,0.2,3.2,6,19,54,1005.9,7,14.4,"No","Yes"
"83978",23.1,32.5,0,10.4,13.1,13,60,1006,1,30.8,"No","No"
"61045",4.3,13.8,8.2,4.4,9.7,26,42,1018.3,7,12.6,"Yes","No"
"84280",18.7,30.9,0,8,12.7,11,46,1014,1,29.9,"No","No"
"100072",8.1,17.2,0.4,4.2,3.8,26,39,1027.3,6,16.3,"No","No"
"73541",15.2,18.1,0.4,2.4,7.2,17,74,1012,8,17.1,"No","No"
"13653",19,32.5,0,8.6,12.4,6,31,1011.7,6,30.5,"No","No"
"135009",23.5,37.9,0,12,3,13,36,1003.8,7,34.9,"No","Yes"
"35384",16.7,29.4,0,5.2,9.3,24,28,1018.7,3,27.9,"No","No"
"103781",16.3,21.5,1.6,3.6,0,30,63,1009,8,20.6,"Yes","No"
"138192",29.2,34.7,0,8,11.4,28,59,1005.4,4,34.1,"No","No"
"97867",6.5,13.4,1.2,1,6.8,28,62,1020.4,4,12.4,"Yes","No"
"64904",12.4,24.5,1.2,2.8,5.6,20,45,1010.8,7,22.1,"Yes","No"
"33385",8,13.8,0,3.4,0.1,13,89,1024.1,8,12.9,"No","Yes"
"82072",10.9,17.1,0,1.6,8.8,22,50,1011.1,1,15.9,"No","No"
"98949",8.9,17.1,0,2.4,1.8,17,92,1020.7,7,9.6,"No","Yes"
"135433",18.8,40.8,0,14.6,12.8,20,5,1006.7,0,39.7,"No","No"
"92581",23,31.8,0,12,12.6,35,52,1010.8,1,29.4,"No","No"
"101005",12.9,19.2,26,2,7.6,24,76,1011.3,7,17.4,"Yes","Yes"
"36509",11.5,18.1,0,4.6,4.7,15,53,1013.6,7,16.8,"No","No"
"83429",12.4,20.7,0.2,5,5.2,4,62,1026.4,7,19.8,"No","No"
"74572",16.7,21.2,0,3.6,1,7,88,1015.2,7,18.4,"No","No"
"63364",8.1,14.8,0.2,2.4,0,13,76,1026.7,7,13.5,"No","No"
"104545",3.7,15.5,0,2.2,9.4,19,48,1031.2,2,14.5,"No","No"
"116146",20.5,31.7,0,7.2,11.1,26,53,1013.3,2,28.9,"No","No"
"83932",16.4,27.8,0,9.6,12.9,15,48,1013.7,5,26.5,"No","No"
"76779",7.4,24.2,0,5.6,13.6,20,48,1021.9,1,23,"No","No"
"84574",13.6,25.3,0,4,10.9,11,55,1018.1,1,23.7,"No","No"
"135962",18.1,32.4,0,8,8.7,17,25,1011.9,7,30.9,"No","No"
"68115",16.5,20.9,9.4,4,0.1,17,76,1019.8,8,18.5,"Yes","Yes"
"84643",18.2,28.6,0,5.6,12.7,15,42,1019,1,27.2,"No","No"
"85769",18.2,24.1,0,4.2,1.9,22,69,1016.1,7,21.5,"No","Yes"
"36576",15.6,29.8,0,9.8,7.3,15,29,1010.2,7,28.6,"No","No"
"35407",16.8,27.1,0,5,9.3,13,42,1017.7,7,25.5,"No","No"
"91425",21.7,28.7,0,6.6,1.5,28,65,1018.8,7,24.4,"No","No"
"129167",5.4,11.3,0.2,3,7.9,22,44,1010.1,4,10.8,"No","Yes"
"9200",12.6,31.2,0,5,10.9,33,55,1011.4,0,24.5,"No","No"
"120072",14.6,31,0,4.6,11.3,7,31,1014.8,1,30.4,"No","No"
"100408",12.5,21.3,7.4,0.4,7.4,19,33,1021.8,6,20.2,"Yes","No"
"136322",17.4,32,0,5.8,10.6,22,45,1011,0,29.3,"No","No"
"133282",16.1,35,0,15.8,13.1,17,9,1008.7,0,33.8,"No","No"
"10653",19.7,24.5,0,7,2.8,26,81,1016.4,8,22.2,"No","No"
"103156",6.9,16.5,0.6,1.6,7.9,13,61,1008.6,5,16,"No","No"
"120637",9,23.2,0,3,11.7,13,51,1010,1,22.2,"No","No"
"21111",19.2,21.9,21,4.4,8.3,43,72,1003.5,4,20.8,"Yes","Yes"
"134759",16.5,22.2,0,4.2,0.8,19,64,1012.7,7,21.7,"No","No"
"36124",7.8,22.5,3.6,2.2,3.8,22,59,1001.8,7,18.9,"Yes","Yes"
"9630",19.4,23.4,4,2.6,0,11,93,1011.3,8,20,"Yes","Yes"
"86153",15.5,23.7,0,7.8,11,19,36,1016,7,23.2,"No","No"
"138833",23.5,34,7.2,7.6,9.5,26,48,1009.1,6,32.7,"Yes","Yes"
"82282",21,31.1,0,7,11.8,15,54,1011.9,2,29.7,"No","No"
"21556",15.6,19.6,0,3.4,7.7,24,70,1022.2,3,18.3,"No","No"
"65632",14.7,29.7,0,6.6,10.5,15,45,1014.4,1,28,"No","No"
"40635",16.3,33.1,0,5.4,6.5,13,45,1008.3,6,30.9,"No","Yes"
"118203",12.1,23.1,0,6,11.3,15,41,1019.2,1,21.9,"No","No"
"40674",11.3,18.5,0,6.2,5.8,30,27,1015.9,2,17.1,"No","No"
"119946",9.1,23.2,0,8.6,13.3,17,42,1022.6,1,21.2,"No","No"
"74669",9.2,14.6,0,0.8,0.4,22,79,1026.3,7,14.2,"No","No"
"45376",4.6,11.2,0,3,7.6,30,47,1016.4,5,9.6,"No","No"
"37454",5.2,20.5,0,3,9,7,46,1021,1,20,"No","No"
"31153",9.2,20.1,0,5.2,10.7,19,44,1023.5,1,19.8,"No","No"
"75851",12,26,0.2,2.6,8.7,19,32,1018.2,1,25.2,"No","No"
"134499",-1.1,19.1,0,4.8,10.6,17,27,1023.8,1,17.6,"No","No"
"133617",18.8,29.6,0,5.6,10.7,30,41,1008,7,28.1,"No","No"
"76840",15.7,34.5,0,12.8,13.3,13,26,1012.6,2,34.1,"No","No"
"36557",10.1,19.1,0.2,6.8,2.9,11,60,994.9,6,18.8,"No","Yes"
"65696",6.6,14.5,0,3,5.7,17,54,1028.9,4,13.5,"No","No"
"78541",10.2,16.9,10,1,5.2,22,82,1016.3,7,11.5,"Yes","Yes"
"85965",24.9,30.6,1.8,6.6,8.9,13,61,1006.1,6,29.3,"Yes","No"
"69486",6.5,22.8,0,4,8.2,28,18,1014.8,5,22.1,"No","No"
"103027",21.2,35.3,0,12.2,12.3,4,20,1006.9,5,32.2,"No","No"
"104535",13.9,16.5,0.6,3.4,2.5,24,94,1015.3,8,14.3,"No","Yes"
"84753",21.5,32.9,0.4,10,10.9,11,54,1008.5,1,30.6,"No","No"
"78153",7.1,27.5,0,8,12,7,28,1019.3,3,26.7,"No","No"
"133167",18.5,26.8,2.8,9.8,9.8,15,36,1012.9,1,25.6,"Yes","No"
"12271",24.1,38.2,0,12,13,11,16,1008.8,1,37.1,"No","No"
"13929",16.7,35.8,0,50.4,11.2,6,13,1005.6,7,34.5,"No","No"
"134388",19,27.1,0,8,0,13,44,1017,8,23.7,"No","No"
"101374",17.1,39.8,0,10.4,8,26,17,1006.1,7,35.4,"No","No"
"69025",4.2,13.1,0.2,1.6,4.6,20,61,1021.4,7,12.2,"No","No"
"60181",15,23.1,0,5.2,7.1,39,45,1017,5,21.5,"No","No"
"129626",8.6,16.1,0.6,4,12.1,35,28,999,2,15,"No","Yes"
"33046",8,19.9,0,3,8.5,33,37,1017.6,2,19.4,"No","No"
"35698",19.9,23.8,1.6,9.2,0,17,87,1012.7,8,21.6,"Yes","No"
"38106",3.9,17.8,0,1.4,7.7,9,56,1025.5,3,17.4,"No","No"
"32686",20.4,29.7,0,5.4,12.2,17,59,1012.2,1,28.1,"No","No"
"116818",18.2,30.3,0,10.8,12.6,24,52,1010.1,7,28.4,"No","No"
"93373",25.8,31.4,0,9.4,2.5,22,81,1011.5,6,28.5,"No","Yes"
"44802",17.7,29.4,10.2,8,12.8,24,22,1007.1,2,28.4,"Yes","No"
"85257",24.4,31.2,0.4,7.2,4.1,15,65,1008.3,6,29.8,"No","No"
"12483",7.5,17,1.2,2.4,8.6,33,40,1009.6,5,16.5,"Yes","No"
"103586",11.2,21,0,6.4,5.9,24,50,1014.4,2,19.6,"No","No"
"21679",20.8,23.5,13.6,0.4,0.2,24,88,997.1,7,23.1,"Yes","Yes"
"31620",19.6,26.5,0,8,10.7,20,51,1021.8,2,24.2,"No","No"
"104229",6.3,19.4,0,4.2,0.1,30,37,1009.3,8,18.8,"No","Yes"
"99446",13.8,21.5,0,5.6,2,43,58,1016.4,7,19.3,"No","No"
"84161",12.9,23.1,4.4,0.4,8.1,7,70,1022,2,21.5,"Yes","No"
"137341",18.3,31,0,8,10.7,19,25,1011.9,0,30.4,"No","No"
"65227",14.7,23.7,0,4.6,4.7,22,63,1014.4,7,20.6,"No","Yes"
"127353",11,22.8,0.8,2.2,8.4,37,36,1003,7,21.2,"No","Yes"
"101414",24.1,35.2,0,8.8,8.2,19,22,1013.2,5,33.8,"No","No"
"119576",14.2,33.2,0,10,13.1,19,25,1015.7,0,30.8,"No","No"
"34717",14.2,25.1,0,3.4,9.4,19,56,1020.6,6,24.2,"No","No"
"137310",19.8,32.1,0,5.2,10.9,15,22,1010.9,3,31.8,"No","No"
"45554",14.9,21.3,0.2,3.8,1.3,6,90,1017,8,17.7,"No","Yes"
"138338",22.5,33.4,0,6.2,11.2,26,28,1011.7,0,32.8,"No","No"
"76588",9.7,15.8,0,1.2,2.5,7,69,1028.9,4,14.9,"No","No"
"133474",5.3,8.8,13.2,0.4,1.1,17,73,1022.5,8,8.2,"Yes","No"
"92692",23.1,28.1,30.4,6.4,0,17,87,1005.4,8,27.1,"Yes","Yes"
"73535",11.5,16.9,0.6,5,3.9,19,62,1023.6,8,15.3,"No","No"
"91576",25.1,29.9,7,5.4,0,17,78,1007.6,8,28.8,"Yes","Yes"
"73321",1.9,12.8,4.2,0.4,8.7,15,59,1019.1,2,12.2,"Yes","Yes"
"136756",22.5,31.7,8,3.8,4.3,20,70,1008.3,7,28.6,"Yes","No"
"117532",16.1,32.8,0,12.6,13.3,20,14,1012.6,0,32.1,"No","No"
"116995",8.8,18.3,0,2.4,9.2,24,45,1029,1,17.8,"No","No"
"91983",25.3,30.6,1.4,6.6,3.7,7,67,1008,7,29.4,"Yes","No"
"135367",21.1,39.6,1.4,8.2,7.2,22,17,1007.6,7,37.2,"Yes","No"
"11907",21.3,33.4,0,8.8,13.2,13,38,1014.2,4,31.1,"No","No"
"103755",16.7,33.1,0,12,12.5,15,23,1014.8,0,31.3,"No","No"
"65857",11.6,17.5,0,5,8.4,28,41,1026.2,2,16.2,"No","No"
"67778",14.6,18.4,0,4.8,2.7,19,66,1012,8,17.2,"No","Yes"
"22446",18.3,23.2,0,4.4,0.5,26,73,1018,7,22.1,"No","No"
"133313",25.7,39.8,0,13.2,12.1,17,22,1003.1,6,38.2,"No","No"
"135302",12.5,34.3,0,12,11.7,11,7,1012.8,2,33.6,"No","No"
"120373",19.1,36.7,0,13.4,11.6,17,17,1014.9,3,35.5,"No","No"
"37146",6.3,16.6,0,2.6,2.1,11,55,1008.7,7,16.3,"No","No"
"135423",15.8,31,0,8.4,12.9,20,19,1009,1,29.4,"No","No"
"76962",8.7,11.3,5.2,1.4,0,26,100,1004.8,8,9.8,"Yes","Yes"
"120005",15.2,35.8,0,12,13.2,22,21,1006.3,0,32.2,"No","No"
"70773",11.9,22.7,0,4.6,1.5,15,34,1013.4,8,22.6,"No","Yes"
"21667",18.1,22,0.2,8.6,1.5,20,61,1012.2,8,20.8,"No","No"
"136017",25.3,33.3,0,7.2,7.5,26,51,1009.6,4,32.8,"No","No"
"63488",14.4,27.1,0,7.2,5.5,9,63,1012.4,1,24.4,"No","No"
"37510",1,22.1,0,5.4,12.2,28,21,1021.5,1,20.9,"No","No"
"120298",12.6,26.3,0,7,6.9,13,34,1008.7,3,24.6,"No","Yes"
"38302",10.4,25.6,11.2,3.8,13.9,15,23,1017.1,1,24,"Yes","No"
"63282",5.6,11.9,1.2,1.8,2.7,24,59,1016.7,7,11.1,"Yes","No"
"32024",15.1,23,0.4,3.2,9.8,22,42,1007.2,2,21.2,"No","Yes"
"9756",12.1,19.8,3.6,1.2,7.4,26,48,1009.9,1,19.1,"Yes","No"
"32561",13.6,22.1,3.4,5.2,2.1,15,75,1006.1,7,16.3,"Yes","Yes"
"64126",8.8,29.2,0,7.6,9.4,44,24,1014.6,7,26.4,"No","No"
"104336",9.2,23.3,0,5,5.4,30,20,1018.7,3,21.5,"No","No"
"32046",10.6,18.9,0,4,0.9,17,77,1028.9,7,17.5,"No","Yes"
"136725",24.2,33.2,0,8.6,8.7,22,61,1010.1,6,31.1,"No","No"
"63990",0.4,12.9,0,0.6,8.5,13,46,1030.3,1,12.5,"No","No"
"103794",11.1,20.1,3.4,0.2,10.9,11,51,1020.2,1,19.5,"Yes","No"
"101582",9.4,13.2,2.2,0.4,0.3,15,79,1025.5,8,12.2,"Yes","No"
"86161",12.1,24.6,0,6.6,10.7,31,43,1016.7,1,22.9,"No","No"
"83288",21.1,31.3,0.4,6.4,6.6,13,63,1010.3,6,28.7,"No","No"
"34638",21,28.6,0,5.6,8.9,28,62,1021.5,2,25.3,"No","No"
"34573",22.3,36.8,0,8,3.5,35,62,1002.5,7,26.2,"No","No"
"134625",21,37.1,0,11.4,5.6,33,48,1007.3,7,26.8,"No","No"
"87128",16.9,28.1,0,7.6,10.2,31,51,1017.1,2,27.4,"No","Yes"
"82960",21.8,26.3,18,4.6,0,7,95,1007.8,8,25,"Yes","Yes"
"81877",21.5,34.9,4,6.4,12.4,15,27,1003.1,0,33.7,"Yes","No"
"132939",23.9,25.2,0,13.8,0,13,57,1010.5,8,24.2,"No","Yes"
"39430",8.1,19.4,0,5.2,2.7,13,67,1019.8,8,17.6,"No","No"
"68158",9.9,14.3,0,1.8,1.7,11,73,1031.3,6,13.1,"No","No"
"104609",16.1,33.6,0,12.6,11.1,33,12,1004.8,0,31.8,"No","No"
"9476",8.4,18.8,0,3.2,9.2,26,51,1025,5,18,"No","No"
"32693",22.7,30.4,0,4.4,7.2,17,65,1010.4,5,28.1,"No","No"
"21773",20.7,23.2,0.2,3,0,30,91,1008.6,7,22,"No","Yes"
"105571",9.8,24.8,0,5.2,8.6,26,24,1019.5,3,24,"No","No"
"68940",17.3,39,0,8,13.1,13,15,1014.1,1,37.9,"No","No"
"61141",20.4,31.4,0,12.6,12,26,23,1015.4,8,29,"No","No"
"33689",10.9,19.7,0,2.8,2.5,11,61,1013.8,8,17.7,"No","No"
"138390",22.6,32.5,0,7.4,7.8,31,30,1012.8,1,32.2,"No","No"
"86266",22,32.3,0.8,3.4,10.8,22,45,1011.7,3,30.8,"No","Yes"
"119685",15.9,30.6,0,10.8,12.2,15,23,1016.2,0,29.2,"No","No"
"82724",10.5,24.3,0,2.8,9.8,7,40,1015.2,2,23.5,"No","No"
"103393",26.3,40.4,0,15.2,8.3,15,19,1009.4,5,38.7,"No","Yes"
"33139",17.1,26,0,8,10.1,37,51,1019.3,2,24.6,"No","No"
"68896",13.7,26.3,0,6.8,11.1,26,32,1004.4,7,24.6,"No","No"
"32843",17.4,22.9,0,7.6,5.9,28,44,1018.8,5,22.3,"No","No"
"100384",15.7,29.9,0,4.4,9.1,9,31,1007.5,7,28.2,"No","No"
"39296",8.4,24.3,0,3.6,10.7,20,28,1017.9,0,23.9,"No","No"
"91468",20.4,29.1,0.6,6.6,2.8,15,62,1015.8,8,26.5,"No","No"
"103704",18.1,38.2,0,12,13.5,6,7,1010.9,0,35.9,"No","No"
"35271",18.7,20.4,0,14.2,5.3,50,72,1017.3,7,18.2,"No","No"
"135990",22.4,31.8,0,4.6,10.6,26,57,1007.9,1,30.5,"No","No"
"67055",9.5,15.1,0,0.8,0,11,80,1033.9,7,14.6,"No","No"
"137544",26.2,32.2,4.8,7.8,4,30,70,1005.5,6,31.5,"Yes","Yes"
"103213",7.5,23.1,0,2.4,9.5,30,23,1007.1,1,22.6,"No","No"
"34435",12,25.5,0,6.2,10.5,33,27,1006.7,4,23.2,"No","No"
"83831",12.1,23.2,0,6.6,10.2,17,52,1020.7,3,21.4,"No","Yes"
"116435",17.6,26.5,0,8.6,10.6,33,44,1005.5,4,24.9,"No","No"
"100693",9.9,15.6,11.9,7.9,6.6,43,43,1004.4,7,15,"Yes","Yes"
"99167",7.2,22.7,0,2.2,10.3,20,45,1020.9,5,21.1,"No","No"
"86244",19.9,30.3,0.2,6.8,11.5,35,42,1012.9,1,28.7,"No","No"
"68733",-0.1,14.1,0,1,8.3,9,67,1026.5,1,13.9,"No","No"
"37497",7.2,28.2,0,4.6,6.8,39,26,1000.2,7,22.4,"No","No"
"135434",20.3,36.9,0,16,12.6,22,13,1009.3,1,36,"No","No"
"134949",7.3,33.1,0,11,12.3,17,2,1014.9,1,31.6,"No","No"
"32549",16,20.2,0,5.6,1.5,9,69,1017.8,7,18.9,"No","Yes"
"116315",16,22.7,0,2,2.4,15,61,1016.5,5,22,"No","No"
"97298",11.8,23,0,4.6,8,17,46,1009.6,2,21.4,"No","No"
"98784",17.5,25,0.4,6,3.5,17,82,1017.4,7,18.6,"No","Yes"
"61125",9.7,20,20.8,3.2,12.3,30,55,1021.8,8,19,"Yes","No"
"69925",15.8,37.1,0,8,13.3,9,21,1011.6,3,35.7,"No","No"
"82729",6.8,20.4,0,3.4,9.2,6,33,1015.9,2,19.6,"No","No"
"72826",15.2,23.8,0,3,4.6,17,65,1017.4,5,21.7,"No","No"
"73999",7.9,12.9,1.8,0.6,3,24,75,1024.1,7,12.7,"Yes","Yes"
"75924",8.9,15.6,0,1.2,0,6,75,1018.2,7,14.9,"No","Yes"
"33453",10.2,18.7,0,4.4,10.9,17,39,1017.2,1,18.2,"No","No"
"134289",8.3,31.9,0,10.2,11.3,13,4,1010.5,5,31.2,"No","No"
"11903",21.1,32.1,23,1.6,6.8,9,54,1008.7,5,31.2,"Yes","No"
"65471",7.1,19.4,0,3.4,7.9,39,45,1005.8,7,18.5,"No","Yes"
"63152",21,34.1,0,14.2,10.1,39,23,1011.3,7,32.4,"No","No"
"86597",19.4,30.2,0,5.8,12.2,15,67,1008.6,2,29.7,"No","No"
"35953",14,18.1,0,5.8,0.5,11,83,1003.1,7,15.8,"No","Yes"
"98982",11,15.7,0,2.4,3.4,28,61,1019.9,7,14.2,"No","No"
"38164",2.9,14.5,0,1.8,9.4,15,45,1012.6,4,13.9,"No","No"
"78432",1.6,14.4,1.2,1.8,7.8,7,59,1029.5,5,12.9,"Yes","No"
"33334",10.4,19.1,0,4,9,31,57,1016.2,1,19,"No","No"
"66906",13.6,20.8,9.4,6.6,11.5,17,45,1019.6,2,19.3,"Yes","No"
"34760",8.5,18.8,0,3.8,9.7,11,40,1012,1,17.1,"No","No"
"135458",21.9,34.5,4.8,3,11.1,22,43,1009.6,5,31.9,"Yes","No"
"9362",17.1,25.6,13.2,2.8,4.2,20,54,1030.1,7,24.4,"Yes","Yes"
"68485",20.7,39.3,0,10.6,11.9,17,18,1016.4,1,37.8,"No","No"
"65325",13.6,16.6,6.6,5.8,7.7,35,47,1011.3,6,15.3,"Yes","No"
"59941",-1.7,13.1,3,1.4,6,9,49,1022.3,6,12.7,"Yes","No"
"33544",17.1,29.2,0.4,6.8,13.4,30,46,1002.9,4,25.8,"No","No"
"73917",12,17.6,0,0.8,6.8,11,53,1034.4,3,16,"No","No"
"66402",16,27.7,0,5.4,5.8,26,35,1022.1,7,26.4,"No","No"
"69706",7,16.6,0,2.2,3.4,11,65,1026.6,6,14.9,"No","No"
"74076",5.8,14.2,5,2.6,1.4,9,68,1018.2,8,13.2,"Yes","No"
"134855",4.6,18.9,0,3,10.5,7,38,1021.1,0,18.3,"No","No"
"21140",19.1,21.3,10,1.8,3.8,33,74,1004.9,7,20.4,"Yes","No"
"65076",6.7,15.4,0,2,0.3,7,49,1022.9,7,15.1,"No","Yes"
"102147",9.9,25.2,0,8,11.6,11,23,1019.8,0,23,"No","No"
"70108",2.7,16.3,0,3.4,6.9,17,48,1018.9,5,15.1,"No","No"
"138801",17.7,34.2,0,8.6,11.1,24,26,1010.9,2,32,"No","No"
"31523",15.2,20,11.2,4,0,24,91,1010.5,8,18.4,"Yes","Yes"
"82785",9.5,23.5,0,2.8,9,6,49,1021.4,4,21.9,"No","No"
"126851",11.6,25.4,0,8,8.8,15,31,1008.7,4,24.3,"No","No"
"63318",4.3,13,5.6,2.4,4.2,26,50,1019.1,6,12.1,"Yes","Yes"
"117474",15.7,27.4,0,5.8,9.3,26,45,1018.2,0,26.6,"No","No"
"119579",15.9,27.7,0,9.2,12.8,19,51,1010.8,1,25.7,"No","No"
"97766",11,20.7,0,4,2.8,24,65,1008.4,7,18.7,"No","No"
"63662",4.6,17.1,0,0.4,6.5,9,53,1023.3,6,15.7,"No","No"
"74454",11.6,15.6,0.4,2.8,10.1,17,59,1020,6,14.8,"No","No"
"91790",13.9,26.1,0,5.4,10.2,31,64,1017.2,1,23.7,"No","No"
"76754",9.4,15.9,3.4,7.8,1.7,35,84,1020.2,7,13.7,"Yes","Yes"
"120035",20,36.4,0,10.6,12.4,13,33,1015.6,1,34.7,"No","No"
"36842",9,21.6,0,3.8,10.7,30,37,1015.7,7,19.1,"No","No"
"120472",17,30,0,4.8,10.1,11,27,1016.7,2,29.4,"No","No"
"69481",7.9,18.7,1.8,3.8,6.1,37,28,1004.1,6,17.7,"Yes","No"
"69188",10,28.7,0,6.6,11.5,9,23,1016,1,27.3,"No","No"
"69790",6,26.4,0,3.2,9,20,16,1015.4,1,25.3,"No","No"
"32442",9.2,19.3,2.2,1.6,9.8,15,29,1016.5,1,18.7,"Yes","No"
"22692",18.4,24.3,0,8.6,9.4,30,59,1021.8,5,22.6,"No","No"
"78071",8.1,13,3.2,1.4,1.5,9,78,1024.7,7,12.4,"Yes","Yes"
"86056",22.4,26.5,5,4,2,22,89,1013,7,24.7,"Yes","Yes"
"68377",6.3,14.6,0,0.8,5.1,11,43,1017.7,2,14.3,"No","No"
"20710",19.4,24.4,1.8,6.6,8.1,37,85,1021.4,7,20.1,"Yes","Yes"
"105572",14.7,25.2,0,5.8,6.1,6,29,1017.6,6,24.7,"No","No"
"135104",15,35.1,0,7.6,11.5,15,13,1011.4,0,33.9,"No","No"
"85495",21.5,28.7,3.6,5.8,5.5,28,69,1016.6,6,25.6,"Yes","No"
"101677",14.6,18.1,0,14.8,0.1,9,63,1011.8,8,17.5,"No","Yes"
"98302",8.8,15.2,1.4,0.8,1,20,69,1019.8,6,14.4,"Yes","No"
"119396",7,21.1,0,2.2,8.3,7,51,1026.1,5,19.8,"No","No"
"136072",26.5,33.2,0,6.8,3.7,19,62,1007.6,7,32.3,"No","Yes"
"98040",10.1,24.2,0,7.8,10.3,26,48,1018.2,2,21.9,"No","No"
"116775",11.8,29.3,0,4,13.4,26,44,1011.3,1,26.5,"No","No"
"66234",15,20.1,4.6,8.6,1.4,19,71,1021.8,7,18.4,"Yes","No"
"73045",8.3,14.6,5.8,3.2,6.6,24,74,1021.1,6,13.2,"Yes","Yes"
"116760",15,22.7,8.2,5.6,7.5,30,48,1012,4,21.7,"Yes","No"
"133330",21.2,33,2.2,6.2,8.8,17,40,1003,6,31.3,"Yes","No"
"68849",10.4,18.4,17.6,2.4,6.6,19,42,1015.9,7,16.2,"Yes","No"
"138073",15,30.5,0,7.6,11.2,22,34,1013.4,1,28.6,"No","No"
"101873",8.3,15.4,0,0.2,0.7,11,53,1010.1,7,14.7,"No","No"
"65093",11.1,21.5,0,5.2,4.2,33,45,1023.6,6,19.7,"No","No"
"97440",14.8,21.1,0.2,1.8,3.2,11,57,1018.2,6,20.3,"No","Yes"
"127272",9.6,22.2,0,3.2,12.7,19,41,1023.9,1,21.9,"No","No"
"60670",1.6,17.8,0.2,2,10.8,6,46,1036.4,1,17.3,"No","No"
"59878",1.8,18,0,1.2,9,37,63,1023.7,1,17.2,"No","No"
"116131",17.1,28.5,0,10.4,12,24,47,1006,1,26.7,"No","No"
"68071",14.2,31.5,0,7,11.8,7,28,1015.4,1,30.5,"No","No"
"40023",6.3,22.4,0,6,6.3,24,47,1021.4,3,21.7,"No","No"
"136407",24.7,35.4,0,8.4,11.2,17,24,1008.2,2,34.9,"No","No"
"13293",20.1,34.6,3.2,10,10.9,19,38,1005.7,6,33.1,"Yes","No"
"101638",11.6,34.4,0,8,11.8,20,8,1008.4,6,34.1,"No","No"
"91801",15.9,26.8,0,8.6,9.9,33,58,1018.5,4,23.3,"No","No"
"60565",3.5,14.8,2,2,8.3,19,59,1020.7,4,12.6,"Yes","No"
"137070",24.5,32.8,0,7.6,7.1,22,57,1010.1,4,31.2,"No","No"
"135334",20.6,37.6,0,10.6,12.7,15,13,1009.8,3,36,"No","No"
"37543",15.2,35.9,0,9.4,6,28,9,1002.4,6,34.4,"No","No"
"31084",9.1,18,0.2,0.8,8.1,11,57,1028.2,2,16.6,"No","No"
"73654",8.5,13.8,0.4,0.2,7.2,24,67,1028,3,12.9,"No","No"
"32125",6.2,14.3,17.2,0,1.7,26,51,1012.9,7,13.5,"Yes","Yes"
"22185",12.9,17.1,0.6,4,6.9,22,58,1023.2,5,15.3,"No","No"
"35445",11.4,22.3,0,7.6,9.9,26,21,1013.6,2,21.2,"No","No"
"36853",13.6,23.7,22.8,9.6,10,28,30,1015.8,2,22.8,"Yes","No"
"116794",15.3,31.9,0,12,13.3,24,20,1018.2,0,31.1,"No","No"
"31537",15.2,24.1,0,5,12.1,22,44,1019.6,5,23.3,"No","No"
"119572",18.1,24.2,0,7.2,6,24,57,1015.4,7,21.7,"No","No"
"63492",15.3,19.9,3,5,0.7,19,71,1016,7,19.3,"Yes","No"
"92320",21.3,31.2,0,9.4,8.6,35,51,1014.1,2,29.3,"No","No"
"91584",25.4,30.6,0.6,5.6,1,24,76,1008.1,7,28.8,"No","Yes"
"81888",19.6,28.7,0,9,8.9,17,56,1010.6,7,26.2,"No","No"
"92890",17.3,29.1,0,8.4,11.9,17,50,1012.1,1,28.3,"No","No"
"9301",18.7,29,0,7,13.6,28,62,1014.2,1,28.1,"No","No"
"83882",17.7,26.4,0,6.6,7.7,11,52,1015.3,1,25.2,"No","No"
"90838",23.4,33.8,21.2,8.4,10.6,17,42,1004.8,5,32.3,"Yes","No"
"69358",14.9,24.3,3.2,3.2,10,19,54,1007.6,6,22.2,"Yes","No"
"114873",8.9,17.6,7.6,1.2,1.4,13,89,999.5,7,15.3,"Yes","Yes"
"138130",22.4,34.2,9.4,8.6,5,20,50,1009.9,6,32.6,"Yes","No"
"65008",4.6,11.4,0.2,0.8,4.9,20,72,1024,6,9.9,"No","No"
"91513",20.3,24.4,3.4,10.4,0,17,91,1016.5,8,21.1,"Yes","Yes"
"76496",17.1,29.5,35.2,5,12.1,15,42,1008.3,1,28.8,"Yes","No"
"31283",21.6,27,1,8.4,8.5,24,73,1013.7,5,24,"No","No"
"64117",5.8,27.5,0,5.4,12.6,35,24,1020,0,26.3,"No","No"
"117630",9.9,27.3,0,4.8,10.4,13,22,1023.1,0,27.2,"No","No"
"129068",8.1,16.6,0,1.8,6.2,7,67,1026.7,7,16.3,"No","No"
"22162",14.7,17.6,0,4,3.9,13,62,1018,6,16.4,"No","Yes"
"36620",16,26.4,22.4,2.8,12.4,24,52,1010,6,24.8,"Yes","No"
"12448",1,17.8,0,2.2,10.2,19,27,1026.3,1,17.2,"No","No"
"21799",20.2,23.4,0.6,2.8,2.8,19,83,1013,7,22.7,"No","Yes"
"103572",6.1,17,0,5,8.5,30,32,1015.5,5,16.2,"No","No"
"90841",26.1,31.4,0,11,11.5,20,60,1007.6,3,31.1,"No","No"
"77075",9.3,15.9,0.2,1.6,3.9,4,56,1023.7,5,15.4,"No","No"
"117284",9.5,20.6,0.6,2.6,5.2,28,67,1013.5,4,19.3,"No","Yes"
"11952",18.1,31.8,0,5.8,11.7,11,35,1014.2,4,30.1,"No","No"
"99418",13.6,36.5,0,7.8,9.9,30,27,1014.9,4,32.9,"No","No"
"91502",22.6,29.2,2.2,5.8,2.4,26,65,1013,7,26.9,"Yes","Yes"
"117439",6.3,19.1,0,3.2,5.2,26,52,1006.9,3,18.4,"No","Yes"
"68744",4.3,15.5,0,1.4,4.7,13,53,1017.1,7,14.7,"No","Yes"
"70273",17.9,32.1,0,12.6,12.8,15,35,1009.3,5,31,"No","No"
"66024",12.5,20.1,0,2.4,4.2,33,78,1018.2,7,16.1,"No","No"
"9388",19.7,25,0,2.2,1,24,60,1016.3,8,24.7,"No","No"
"119050",19.5,26.5,4.6,4.6,6.8,15,59,1015.7,6,24.2,"Yes","No"
"60455",10.1,20.4,12,5.2,8.3,41,49,1001,4,18.4,"Yes","No"
"63243",2.8,14.4,0,0.6,9.4,17,50,1021.7,2,13.5,"No","No"
"10591",17.9,30.4,0,6.8,10.8,46,62,1006.2,5,25.7,"No","No"
"33125",14.1,18.9,2.6,5.8,7.9,15,60,1025.3,2,18.5,"Yes","No"
"63210",14.3,27.4,0,6,6.6,28,38,1021,7,26.8,"No","No"
"40536",15.6,25.5,0,8.6,12.2,31,57,1015.7,2,24.1,"No","No"
"91409",18.8,23.9,0,3.2,2.3,13,63,1016.2,8,23.3,"No","No"
"70994",19.7,22.4,0,11.2,1.8,15,71,1014.1,7,17.4,"No","No"
"78054",1.7,16.9,0,4.2,6.4,19,52,1021.3,7,15.4,"No","Yes"
"6120",9.8,20.7,0,2.4,3,28,43,1007.2,7,18.9,"No","No"
"44738",10.3,23,0.4,5.4,11.2,28,34,997.3,7,20.3,"No","Yes"
"91319",20.4,29.8,0,5.4,10.8,11,65,1009.8,5,28.9,"No","No"
"84441",19.3,27.4,15,1.2,3.6,9,69,1013.2,7,25.9,"Yes","Yes"
"82213",19.3,29.8,0,9.8,12.9,15,51,1012.4,1,28.4,"No","No"
"22790",20.3,25.3,2,4.6,10.7,22,79,1008.7,5,23.9,"Yes","No"
"9361",18.9,21.8,2.8,7,1.2,31,71,1026.1,8,21.7,"Yes","Yes"
"67279",7.9,19.3,0,3.4,5.6,6,39,1023,6,17.6,"No","No"
"82555",21.3,27.8,0,8.4,8.4,9,59,1010.3,5,26.6,"No","No"
"33220",20,30.9,0,9,12.8,31,53,1008,2,29.1,"No","No"
"117820",17.9,32.7,0,7,8.8,17,39,1011.2,6,26.4,"No","No"
"32324",21.8,26.5,0.2,8,7.4,15,52,1001.1,4,25.5,"No","Yes"
"120262",10.2,23.2,0,7.2,9.5,17,51,1022.1,1,20.9,"No","No"
"96949",10.1,19.3,1,3.2,12,24,47,1013.9,6,18.2,"No","No"
"127332",10.5,19.7,0,1.8,7.3,11,71,1024.2,4,18.8,"No","No"
"68667",9.6,24.5,0,3.6,9.7,15,40,1023.3,4,24.5,"No","No"
"76215",16.6,22.1,0.2,4,3.9,24,68,1017.6,7,19.2,"No","No"
"84298",18.3,30.7,0,4,12.8,11,51,1018.5,2,28.8,"No","No"
"127215",13.2,23.8,0.2,6.4,8.6,19,68,1011.1,7,19,"No","No"
"129065",7.6,13.8,0.2,4.8,9.9,20,32,1027.9,1,12.3,"No","No"
"34436",8.8,23.5,0,6.6,10.7,26,20,1011.5,1,23.4,"No","No"
"68502",17.2,42.1,0,10,11.1,20,8,1002.5,7,39.7,"No","No"
"91875",23.2,30.9,0,11,9.9,31,62,1011.7,6,28.5,"No","No"
"102138",10,23,0,7.7,11,26,37,1016.9,3,22.1,"No","No"
"134967",16.7,35.9,0,12.6,12.6,17,14,1012.8,1,34,"No","No"
"13365",6.8,26,0,5.8,9.3,15,14,1017.4,5,25.5,"No","No"
"45303",3,7.7,0,1.6,0.7,20,79,1009.9,7,6,"No","No"
"45927",8.3,23.3,0.1,3.5,7,20,56,1015,1,21.8,"No","No"
"35071",11,17.9,0,4.4,7.8,35,70,1030.9,5,17.2,"No","No"
"133980",19,42.2,0,16,13.3,24,10,1001.8,1,40.2,"No","No"
"33818",11.6,20.4,0,5.4,10.3,20,35,1009.6,7,19.7,"No","No"
"77541",13.2,21.2,0,4.8,1.6,19,53,1023.9,7,20.1,"No","No"
"126969",6.7,16.1,0,1,9.4,13,65,1026.3,1,15.4,"No","No"
"13458",2.3,22.2,0,2.4,10.3,9,26,1015.3,1,21.7,"No","No"
"45320",7.3,12.6,7.4,0.8,8.7,26,71,1018.8,2,9.5,"Yes","No"
"74941",11.9,15.8,1.6,3.8,10.4,22,54,1026.4,7,13.9,"Yes","No"
"97516",4.6,14.2,0,1,1.6,20,85,1028.1,7,13,"No","No"
"82283",21.6,31.1,0,6.8,11.3,19,56,1011.2,5,29.6,"No","No"
"137826",23.8,34,6,6.4,9.8,19,48,1005.9,2,33.6,"Yes","Yes"
"35279",19.3,26.5,3.6,10,6.4,22,60,1011.4,3,25.6,"Yes","No"
"6322",11.3,28.8,0,11.2,12.9,20,12,1011.2,0,26.5,"No","No"
"74906",12.7,21.7,0,4,8.6,19,67,1011.5,6,20.6,"No","No"
"92369",17.6,24.8,0,6,10.4,26,28,1013.8,3,24.6,"No","No"
"129346",14,19.7,0,6.2,2.5,19,46,1023.5,7,19,"No","No"
"129707",10.4,22.5,9.8,1.2,8,6,97,1010.5,7,21.1,"Yes","No"
"82070",11.3,19.4,0,3,6.8,11,55,1009,3,19.2,"No","No"
"82939",23.4,30.5,0,6.4,11.6,11,62,1009.1,1,28.9,"No","No"
"137605",22.7,33.1,0,8,11.2,26,35,1008.2,1,32.2,"No","No"
"99198",5.6,15.5,0,1.2,2.5,20,76,1030.2,7,13.3,"No","No"
"97279",10.4,30.3,0,3.4,11.1,20,36,1015.7,7,29.4,"No","No"
"103915",10.4,26.3,0,7.8,11.1,17,13,1019.8,0,24.7,"No","No"
"133720",19.7,25.7,4.2,1.2,1.8,24,56,1006,7,24.3,"Yes","No"
"129154",2.3,8.1,1.4,1.6,3.1,24,51,1021.8,5,7.2,"Yes","Yes"
"101812",9.4,18.6,0,3,9.4,17,54,1018.4,3,17.9,"No","No"
"21038",19.5,24.1,0,5.2,0.3,13,91,1015,7,22.6,"No","Yes"
"9468",10,21.6,0,1.6,3.9,6,76,1017.8,7,18.2,"No","Yes"
"82308",22.7,33.1,0,5.8,8.7,17,65,1016,7,29,"No","No"
"66220",8.1,16.5,0,2.2,6.8,13,45,1027.5,7,15.7,"No","No"
"92859",20.8,29.6,0,8,9.2,13,53,1012.5,1,28.1,"No","No"
"45521",17.4,26.1,3.8,2,1,19,55,1007.5,8,25.5,"Yes","No"
"99395",9.1,22.6,0,4.4,10.3,24,53,1015.6,1,20.2,"No","No"
"137979",24.2,33.4,0,5.4,10.7,20,44,1009.5,6,32.6,"No","No"
"133836",7.4,27.8,0,5.4,10.4,13,11,1016.9,0,27.3,"No","No"
"74481",13.4,17.9,0,11.2,11.3,22,72,1014.5,5,16.9,"No","No"
"69743",-1.9,16.7,0,1,8.1,6,36,1028.5,0,16.2,"No","No"
"78093",3.5,11,1,2,3.5,20,99,1024.9,7,9.6,"No","Yes"
"72813",11.8,24.4,0,4.6,9.8,22,56,1016.3,6,22.2,"No","No"
"117179",16,34.1,0,12.4,13.2,28,15,1018.4,1,33.2,"No","No"
"21334",20.2,26.8,6.2,0.8,7.2,17,86,1011.4,7,24.1,"Yes","No"
"65443",4.8,15.4,0,2.4,8.2,22,41,1018.8,7,14.7,"No","No"
"78624",12.3,26.8,0,9.2,8.3,17,52,1007.5,1,26,"No","No"
"73043",9.1,14.8,5,3.2,4.2,33,79,1005.6,8,12.8,"Yes","Yes"
"37066",0.7,16,0,1,9,6,42,1023.6,1,15.3,"No","No"
"118323",17.5,31.5,0,9.4,10.8,11,27,1017.4,2,31.1,"No","No"
"117081",9,30.2,0,6.6,11.6,26,28,1018.7,1,29.1,"No","No"
"74280",6.2,14.3,0.2,3.2,0.7,24,68,1025.9,8,12.9,"No","No"
"128751",4.4,14.5,0,2,8.3,20,59,1025,1,13.6,"No","Yes"
"84778",16.9,26.2,0,7,5.8,15,55,1019.5,7,25.8,"No","No"
"63949",8.5,13.9,0.6,1.8,1.7,20,58,1025.2,7,13,"No","No"
"72760",4.8,20.1,0,4.8,13.8,17,63,1015.2,1,18.1,"No","No"
"133404",11.9,23.3,0,6.4,11,17,34,1021.1,1,22.8,"No","No"
"103709",20.6,30.1,0,18.6,10,20,23,1009.1,7,29.6,"No","No"
"86857",17.5,27.2,0,6,11,30,52,1015.8,2,25,"No","No"
"78700",3.8,19.7,0,1.8,8.2,15,50,1024.3,6,18.8,"No","No"
"120545",8.2,16.7,0,2.2,3.8,13,59,1022,4,15.5,"No","No"
"101707",17.1,32.3,0,12,13.5,26,41,1008.7,2,25.5,"No","No"
"91168",21.5,29.9,1.2,10.4,6.2,30,60,1010.9,4,27.9,"Yes","No"
"9876",11.6,24.9,0,4,8.7,26,71,1015.9,5,20.4,"No","No"
"103325",15.7,32,0,12.4,13.6,9,20,1017.7,1,29.8,"No","No"
"87191",20.9,28.5,0,9.8,6.5,26,69,1017,7,25.7,"No","No"
"60236",7.1,16,0,2,2.1,15,58,1018.3,6,15.1,"No","No"
"64156",10.9,26.6,0,7,13.4,17,38,1013.6,0,24.9,"No","No"
"62962",6.7,17.1,3.4,1.8,9.7,20,66,1017.2,4,15.6,"Yes","No"
"85271",22.4,30.6,5.2,2.6,0.1,19,65,1004.4,8,29.8,"Yes","Yes"
"85571",23.4,30.5,0,6.6,4.3,13,88,1008.1,7,24.9,"No","Yes"
"73192",10.6,21.2,0.2,3,10.3,20,57,1034.7,2,20.1,"No","No"
"66766",10,15.6,1.2,3.4,1.8,26,59,1019.8,7,13.5,"Yes","No"
"97087",7.1,21.9,0,2.4,8.7,9,45,1019.5,1,21.6,"No","No"
"78101",3.7,16.1,0,2.2,1.8,17,54,1014.8,7,14.5,"No","Yes"
"129166",9.6,14.5,0,2.2,3.7,41,42,999.7,7,13.7,"No","No"
"134842",-3,19.8,0,3,10.5,13,14,1018.5,0,19,"No","No"
"118539",15.4,20.7,5,7.6,5.1,26,64,1012.2,6,16.8,"Yes","No"
"97042",10.2,17.6,1,3,0,13,64,1016.6,7,16.3,"No","No"
"91040",8.9,24.3,0,5.4,10.4,20,40,1014.4,2,23.6,"No","No"
"103893",7.5,18,0.2,4,7.8,26,33,1011.3,2,16.8,"No","No"
"138014",22.4,32.9,0,7.4,10.4,28,28,1012.3,1,32.2,"No","No"
"126737",7.3,13.7,0,3.4,5.7,28,48,1006.2,2,13.3,"No","Yes"
"21161",12.2,19,0,3.2,9.1,11,50,1018.1,1,18.1,"No","Yes"
"82981",21.9,32.4,0,6,11.2,7,59,1009.6,6,30,"No","Yes"
"92766",15,27,0,5,10.5,15,32,1017.1,0,26.3,"No","No"
"120294",17.2,27.6,2.8,5,11.1,13,52,1013.7,2,25.6,"Yes","No"
"115802",18.6,34.8,0,12.4,13,19,19,1011.1,1,33.6,"No","No"
"64266",10.2,13.9,8.8,3.6,3.1,24,58,1023.3,7,12.6,"Yes","No"
"67617",8.3,13.1,0,1.6,0.4,30,62,1013.7,7,12.4,"No","Yes"
"40735",4.5,17.8,0,9.8,9.6,17,53,1019.6,1,16.6,"No","No"
"86710",23.9,30.9,0.2,4.4,7.3,24,76,1012.3,3,30.2,"No","No"
"64597",7,12.7,4.8,2.6,2.3,19,92,1011.8,7,10.3,"Yes","No"
"98612",7.7,16.6,6.6,3,9.4,24,67,1013.4,6,14.2,"Yes","No"
"13826",12.2,27.1,0.2,7.6,10.7,41,9,1010.7,1,26.1,"No","No"
"103708",19,35.7,0,17.6,11.2,20,14,1010.1,1,34.4,"No","No"
"69938",15.4,29.6,0,12,8.7,19,25,1017.2,7,27,"No","No"
"138778",21.5,31.6,0,6.6,10.3,22,56,1009.8,2,30.7,"No","No"
"91735",15.9,25.2,0,7.2,9.9,28,41,1018.8,2,23.8,"No","No"
"73378",8.2,12.5,1.2,3.6,7.7,35,68,1016.3,8,10.7,"Yes","No"
"36656",10.1,25,0,4,11.1,9,40,1023.6,1,23.7,"No","No"
"72930",8.2,14.8,10,1.4,5.1,19,62,1010.5,7,12.3,"Yes","No"
"33500",15.2,20.6,5.2,5.4,8.9,22,56,1020.6,3,19.7,"Yes","No"
"119305",21.7,37.3,1.2,4.2,12.3,13,44,1006.1,7,35.8,"Yes","No"
"91359",13.6,26.9,0,7.4,7,17,53,1014.5,7,24.3,"No","No"
"86538",16,31,0,7.2,10.2,15,58,1010.2,0,27.9,"No","No"
"98566",8,15.4,6.6,1,0.4,33,78,1004.7,7,15.1,"Yes","Yes"
"78424",7.1,12.1,0.6,2,1.9,20,55,1017.4,6,11.7,"No","No"
"137856",24.4,28,30,1,0,28,96,996,7,25.3,"Yes","Yes"
"39436",8.8,28.2,0,3.2,8.8,33,16,1013.7,6,27.1,"No","No"
"67983",11.2,18.8,0.2,4.6,10.2,13,50,1023,2,18.1,"No","No"
"133775",1.9,23.9,0,3.4,10.2,9,14,1017.5,0,23.5,"No","No"
"64599",8.7,14.4,0.2,1.6,2.3,24,58,1024.7,3,13.8,"No","No"
"66209",7.8,16.2,0.8,2.8,10,37,43,1024.5,5,15.1,"No","No"
"22609",13.7,20.7,0.2,3,10,22,81,1016.6,3,19.6,"No","No"
"85069",16.5,27.1,0,5.8,7.7,15,63,1012.5,7,25.8,"No","No"
"68905",17.1,28.8,0,6.4,12.6,22,24,1004.8,1,28.1,"No","No"
"82965",20.3,29.4,0.2,4.4,8.6,9,55,1001.5,6,28.1,"No","No"
"35769",14.7,26.7,1,4.4,8.1,19,52,1017.6,5,23.1,"No","No"
"64667",3.2,13.1,1.4,1.6,5.3,19,57,1031.3,7,12.4,"Yes","No"
"77471",13.3,20.3,0,5,8.9,20,47,1019.1,5,20.1,"No","No"
"35193",14,23.9,0,5,10.7,33,52,1020.1,1,23.5,"No","No"
"115165",16.3,18.5,0.8,5.8,0,7,82,1008.4,8,16.1,"No","Yes"
"23170",18.5,24.9,0,4,10.6,13,67,1014.3,1,23.9,"No","No"
"9032",13.3,25.6,0,3.4,10.5,13,50,1011.9,0,24.6,"No","No"
"90948",20.6,31.7,0,6.2,10.7,22,60,1009.9,2,30.3,"No","No"
"97609",8.6,15.1,0.2,2,1.8,26,64,1019.8,8,13.5,"No","No"
"127388",4.8,14.1,0,0.8,8.3,11,47,1032,1,13.8,"No","No"
"136420",23.4,34.9,21,6,9.9,22,44,1006.3,1,33.9,"Yes","Yes"
"84447",16.1,27.3,0,4,10.2,9,59,1015.9,4,26,"No","No"
"84061",16.8,27.2,0,5.2,9,6,46,1017.6,6,25.8,"No","No"
"63646",5.3,15.9,0,4.6,5.9,35,44,1021.8,5,15.6,"No","No"
"85734",16.1,27.1,0,6,10.4,20,50,1014.4,2,26.2,"No","No"
"118662",20.9,35.1,0,9.8,12.7,15,30,1009.8,0,33.6,"No","No"
"92009",19.3,30.6,0,6.6,10.5,22,55,1010.4,6,29.7,"No","No"
"100128",8.6,13.8,0,1.4,4.6,11,71,1024.3,5,12.6,"No","Yes"
"22307",17.1,21.7,0,4.6,12.4,30,59,1019.3,1,20,"No","No"
"128833",7.6,16.8,0.2,2,7.7,15,52,1026.9,6,15.3,"No","No"
"99412",10.1,21.6,0,2.6,10.3,19,34,1014.1,5,19.8,"No","No"
"9678",16.4,27.6,0.2,5.4,7.5,20,65,1014.3,7,25.8,"No","Yes"
"86368",20.4,29.2,0,4,10.4,15,71,1009.2,2,28.3,"No","No"
"137271",24.2,34.2,0,7,9.7,17,44,1009.9,4,32.9,"No","Yes"
"12138",10.5,30,0,5.8,9.4,17,16,1015,7,29.3,"No","No"
"118573",12.1,24.9,0,7.4,13.1,28,42,1014.4,1,21.6,"No","No"
"84450",18.6,25.6,0,6.2,3.2,6,27,1015.8,5,24.3,"No","No"
"63874",10.6,29.3,0,4.8,9.5,19,26,1014.9,6,28.7,"No","No"
"97572",6.9,12.5,0.4,2.2,0,20,91,995.5,8,10.3,"No","Yes"
"101663",2.5,23.4,0,4.2,12,9,26,1017.8,4,21.2,"No","No"
"137964",24.7,32.4,3.2,4.8,8.9,22,64,1009.7,4,31.5,"Yes","No"
"38906",18.5,23.3,25.4,4.6,0.8,26,95,1018,7,20.8,"Yes","Yes"
"13603",26.6,35.7,0,23.6,13.6,30,13,1002.6,0,34.6,"No","No"
"66156",10.5,19.3,0,4,6.5,59,46,1010.3,2,18.2,"No","No"
"76567",12.9,20.9,0.2,2.4,2.7,9,59,1025.4,7,19.5,"No","No"
"74205",15,19.9,1,2.6,4.9,35,71,1012.7,8,19.1,"No","Yes"
"63494",12.1,21.7,0,7.2,10.5,19,46,1021.2,0,21.2,"No","No"
"91747",12.1,25.4,0,4,10.2,20,61,1016.2,1,24,"No","No"
"92228",22.8,30.5,2,12,9.3,30,62,1012.8,2,28.3,"Yes","No"
"69109",10.5,17.3,4.6,2.6,6.6,24,43,1006.4,5,16.1,"Yes","No"
"64423",5.7,17.7,0,5.8,5.3,33,49,1021.3,7,16.8,"No","No"
"92267",23.9,33.3,0,8,12.4,28,58,1006.4,1,31.1,"No","No"
"138016",19.7,31.6,0,6.8,11,28,15,1011.8,0,30.9,"No","No"
"9405",17.9,29.4,0,3.2,8.1,19,56,1013.4,7,26.6,"No","No"
"103166",6.3,15.7,0,1.2,3.7,13,39,1020.4,7,14.7,"No","No"
"91772",14.7,25.2,0,6.4,6.3,30,71,1016.5,7,22.2,"No","No"
"127176",12.6,16.4,0,4,7.1,26,52,1012.1,1,15.9,"No","No"
"12495",5.3,19.4,0,3.4,10.9,15,41,1022.1,2,18.4,"No","No"
"76320",4.9,11.8,0.4,1,0.3,13,100,1032,7,11.6,"No","Yes"
"39160",12.8,27.5,0,8.8,12,28,49,1013.7,2,26.3,"No","No"
"83903",20.9,30.9,0,9.2,11.6,15,61,1009.5,1,27.7,"No","No"
"103575",7.1,11.6,0.4,4.2,9.5,24,94,1014.2,8,10.1,"No","Yes"
"104396",22.1,29.8,0,25.6,12.5,35,21,1011.7,1,29,"No","No"
"127199",12.8,17.8,0,4.2,6.2,9,38,1008.8,7,17,"No","No"
"66909",10.7,22.4,25,6.8,11.9,13,38,1014.8,5,20.9,"Yes","No"
"129045",10.1,23.1,1.4,4.2,8.3,22,39,1017.9,1,22.5,"Yes","No"
"21093",16.6,22.1,0,4.6,9.5,17,59,1019.9,7,21,"No","Yes"
"31220",13.4,24.5,0.4,5.2,10.6,24,59,1012.2,6,22.3,"No","No"
"97071",7.8,16.8,0.2,3.4,1.2,20,56,1024.1,8,16.1,"No","Yes"
"66539",9.3,15.4,6.2,0.6,6,28,49,1021.2,6,14.5,"Yes","No"
"78376",10.6,17,1,0.8,5.9,15,62,1003.6,6,15.9,"No","No"
"91971",24.9,33.7,0,5.2,10.9,26,69,1008,6,29.7,"No","No"
"35650",16.5,18.9,4.2,8.8,0,24,79,1017.5,8,18.3,"Yes","Yes"
"72940",8.3,12.5,8.8,1.4,5,17,80,1015.6,5,11.4,"Yes","Yes"
"102262",5.1,14.1,0.3,2.1,4.6,24,68,1016.7,6,13.1,"No","Yes"
"105204",7.1,16.4,0,4.2,9.8,28,31,1032.9,0,15.4,"No","No"
"33212",22.2,24.8,0.2,9.2,8.8,43,77,1011.4,6,23.8,"No","Yes"
"74273",11.7,15.3,4.8,1.4,0.9,20,90,1013.2,8,13.7,"Yes","No"
"74574",8,20.7,0,0.8,5.3,11,72,1017,4,19.1,"No","No"
"39055",11.3,28.4,0.6,6.4,4.5,17,43,1000,5,26.9,"No","No"
"6174",14.1,28.9,0.2,2.2,7,17,29,1007,5,28.5,"No","No"
"117869",12.6,22.5,0,7,11.1,19,41,1010.8,4,21.5,"No","Yes"
"103507",1.6,15.4,0,2.4,8.5,6,30,1024.5,5,14.5,"No","No"
"13540",8.3,29.7,0,11.8,12.7,15,3,1017.6,0,28.8,"No","No"
"77813",16.1,24.3,1.4,5,10.6,9,40,1010.8,1,22.5,"Yes","No"
"86546",24,31.3,0,6.8,7.5,26,60,1014.1,3,28.6,"No","Yes"
"76820",16.8,21.9,4.2,7.8,9.7,20,48,1018.8,1,21.7,"Yes","No"
"77391",16.4,23.5,0,6.4,10.1,17,36,1004.6,4,23,"No","Yes"
"21789",17.6,23.1,0.4,4.8,7.4,30,74,1020.7,2,21.6,"No","Yes"
"100041",13,21.7,0,3.8,5.4,9,53,1016.4,7,19.7,"No","No"
"22986",14.6,20,11.4,5.6,8.8,20,72,1008.3,2,17.8,"Yes","Yes"
"20758",14.7,19.2,0.2,3.6,6.9,22,71,1017.6,2,17.1,"No","Yes"
"37494",9.4,31.3,0,5.4,2.6,19,18,1003.6,7,29.3,"No","No"
"33596",23.4,40.8,0,12,12.3,28,29,1006.2,1,38,"No","No"
"37674",13.5,23.7,0,4.8,8.9,13,48,1018.6,7,23.1,"No","No"
"67427",10.7,17.5,7.8,2.6,3.1,19,64,1017.8,7,15.4,"Yes","No"
"93077",21.6,29.7,0,9.8,9.4,22,58,1010.3,4,29,"No","No"
"39319",9.7,21.3,0,1.2,5.8,24,72,1017.3,7,16.9,"No","Yes"
"82529",15.8,22.6,1.6,4,3.4,9,52,1022.2,7,21.2,"Yes","No"
"21400",19.9,25.8,0,7.2,12.6,20,64,1008.6,3,25,"No","No"
"21345",23.1,28.2,0,4.8,7.6,24,77,1013.8,6,26.8,"No","No"
"65192",25.1,39.7,0.6,19.8,6.2,46,45,1004.1,7,27.4,"No","Yes"
"85193",19.7,30.4,0.6,7.2,10.8,31,40,1013.9,1,28.7,"No","No"
"32107",9.3,19.5,0,1,5.1,9,54,1030,6,17.8,"No","No"
"87329",20.3,31.5,0,10.8,11.4,20,60,1009.4,3,30.1,"No","No"
"70297",12.9,31.1,0,7.6,13.4,19,30,1010,0,28.2,"No","No"
"74490",11.6,18.1,1.4,8.6,10.3,31,63,1008.5,6,17.7,"Yes","No"
"116620",4.3,20.7,0,2,5.5,24,59,1017,7,19.3,"No","Yes"
"91758",8.5,24.5,0,5.2,10.7,22,28,1015.4,1,22.7,"No","No"
"117304",11.9,22.8,2.4,1,5.5,13,61,1020.8,5,21.2,"Yes","No"
"32538",14.5,18,14.4,6.2,0,9,91,1006,8,15.9,"Yes","Yes"
"115670",4.7,22.6,0,3,11.3,6,22,1014.7,2,22,"No","No"
"98357",1.5,21.2,0,6,12.9,9,31,1023.9,0,19.6,"No","No"
"82185",18.3,25.5,0.4,6.6,3.1,15,62,1020.2,6,25.2,"No","Yes"
"91189",22.7,34.5,0,8,11.9,28,40,1005.6,1,33.1,"No","No"
"31469",15.6,28.8,0,6.4,10.7,20,32,1006,1,27.3,"No","No"
"138491",23.3,32.8,0,8.4,10.5,24,53,1012.4,3,30.8,"No","No"
"129572",10.1,22.5,0,3,7.2,28,42,1015.1,7,20,"No","No"
"21613",16.2,20,0,6,5.5,17,72,1023.4,7,18.4,"No","No"
"76429",12.1,23.1,0,4.4,8.5,11,50,1014,5,21.2,"No","No"
"103255",7.2,23,0,5,10.2,15,25,1021.1,1,21.2,"No","No"
"104826",9.6,18,2.8,2.2,7.7,17,47,1020.5,2,17.1,"Yes","No"
"127061",7.2,14.1,1.6,0,2.7,22,88,993.3,8,9,"Yes","Yes"
"38332",20,34.1,0,10.4,10.2,20,28,1011.8,5,32.9,"No","Yes"
"83755",13.8,26.1,0,3.6,9.1,6,46,1019.7,5,24.9,"No","No"
"117578",18.1,31.3,0,8.2,11.3,22,47,1012.1,1,29.4,"No","No"
"115473",21.3,35.1,0,10,10.2,9,29,1008.8,1,34.2,"No","No"
"90873",24.1,31.1,1.4,6.2,10,28,65,1010.4,5,30.1,"Yes","No"
"97093",6.7,13.9,16.6,3.6,6.4,26,79,1005.5,5,10.6,"Yes","Yes"
"37734",1.9,15,0,1,9.2,15,59,1027.3,1,14.8,"No","No"
"78348",13,20.7,0.2,2.6,3.7,19,56,1012.4,7,20.4,"No","No"
"120512",8.5,21.4,0,3.6,9.2,13,42,1015.8,0,20.9,"No","No"
"91344",21.3,29.7,0,8,7.7,24,59,1013.5,7,27.7,"No","No"
"105022",18.3,37.8,0,13.2,11.6,9,5,1010.9,0,36.6,"No","No"
"74834",6.8,19.1,0,8,10.2,33,82,997.7,8,14.3,"No","Yes"
"6442",7.2,21,0,2.4,8,6,26,1020.3,1,20.6,"No","No"
"69752",11.1,17.7,2,2.6,6.2,28,54,1008.9,7,16.3,"Yes","No"
"120346",14.8,22.7,0,11,13.2,22,39,1012.3,2,21.2,"No","No"
"137854",24.8,32.9,8,4.4,6.6,15,75,1002.5,7,29.1,"Yes","Yes"
"84820",16.1,25.8,0,1.2,8.4,4,62,1017.5,2,25.4,"No","No"
"120673",8.2,21.8,0,5,8,15,87,1009.2,8,17.3,"No","No"
"119213",5.4,22,0,4.2,11,7,34,1025.2,1,21.6,"No","No"
"97222",5.6,19.3,0.6,2.6,7.6,35,40,1010.5,5,18.5,"No","No"
"104670",15.9,34.2,0,16,11.2,9,14,1006.9,2,32.1,"No","No"
"138695",25.8,31.4,0,7.4,2.5,19,72,1009.2,7,30,"No","No"
"60425",5.5,22.2,0,6.4,12.8,24,54,1022.7,1,20.6,"No","No"
"77408",7.8,24.1,0,4.8,12.2,24,37,1007.5,1,22.9,"No","No"
"99299",7.9,12.5,0.4,0.2,1.3,13,70,1022.1,7,11.9,"No","No"
"73251",10.4,20.7,0.4,2,7.5,26,59,1006.5,7,19.6,"No","Yes"
"118621",19.6,32.9,0,11.4,13.2,20,39,1008.2,0,30.2,"No","No"
"65791",9.9,14.2,0.2,2.2,1.4,19,80,1015.9,7,13.1,"No","Yes"
"63581",6.2,13,5,3.4,1.8,26,66,1020.1,7,11.8,"Yes","No"
"83621",20.5,33.5,0,8,12.6,13,48,1005.6,1,31.7,"No","No"
"92246",23.2,31.6,0,11.4,12,20,51,1012.5,1,29.9,"No","No"
"66324",13.4,36.2,0,6.8,13.1,26,35,1011.1,1,31.5,"No","No"
"73446",10.6,27.3,0,6.2,13.2,15,56,1016.1,0,27,"No","No"
"36060",-2.2,14.2,0,1,8.2,4,35,1018.8,2,13.2,"No","No"
"72784",15.1,39.1,0,10.8,13.2,15,19,1008.6,3,33.4,"No","No"
"116136",18.2,32.7,0,8.8,12,17,24,1013.4,0,32.2,"No","No"
"117319",9.8,21.6,0,3.6,9.2,26,36,1015.9,0,21.3,"No","No"
"91842",23.1,32.9,0,6,7.6,19,54,1010.5,7,30.2,"No","Yes"
"128904",17.1,31,0,8.8,4.3,19,74,1010.9,7,15.8,"No","Yes"
"85351",21.1,30.6,0,6.4,11,20,63,1009.5,3,29.4,"No","No"
"85253",23.9,31.1,19.4,4.8,4.1,17,71,1007.4,6,30.5,"Yes","Yes"
"119516",11.1,20.5,0,3.4,3.2,9,92,1006.6,8,16.8,"No","Yes"
"85945",23.7,31.1,0,7,6.2,17,69,1004.8,7,29.2,"No","No"
"69110",5.9,15,0,3.6,5.2,26,84,1014.4,6,14.2,"No","Yes"
"40121",9,27.3,0,4.6,10,17,44,1020.9,1,24.8,"No","No"
"104471",16.1,29.6,0,8,3.2,26,20,1020.2,0,28.6,"No","No"
"119208",11.2,25.6,0,5,10.8,7,27,1020.2,0,25.2,"No","No"
"63847",14.5,34.3,0,8.4,7.8,30,19,1013.4,7,33.3,"No","No"
"118314",21.5,37.9,0,13.6,11.5,19,20,1012.1,0,37.4,"No","No"
"98313",7.4,22.4,0,6,10.1,22,45,1003.1,4,20,"No","Yes"
"138684",24.9,35.7,0,5.2,11.1,24,30,1009.1,1,34.7,"No","No"
"76442",10.7,23,1,5.2,10.3,19,58,1020.7,1,22.2,"No","No"
"84011",22.5,26.8,4.6,5.2,0,13,89,1014.2,8,24.6,"Yes","Yes"
"64254",7.8,15.6,0,2.8,0,17,54,1026.9,7,15.1,"No","No"
"137727",21.1,32.9,0,9.4,11.2,31,30,1011.5,2,32.3,"No","No"
"32012",16.9,28.7,0.2,5.8,10.4,17,24,1015.1,1,27.8,"No","No"
"38178",9.2,13.4,19,3.8,0,17,85,1020.6,8,11.1,"Yes","Yes"
"86264",18.8,29.5,0,8,3.3,19,60,1011.3,7,27.5,"No","No"
"13141",4.4,18.8,0,3.2,9.1,17,44,1023.3,5,17.2,"No","No"
"34493",13.2,17.7,3.4,15.2,6.7,24,43,1014.9,2,16.6,"Yes","No"
"32859",19.6,25,0,13.6,6.8,20,52,1018.5,4,24,"No","No"
"64655",7.4,12,0.4,0.6,0.8,17,73,1028.1,8,11.8,"No","No"
"93132",16.7,27.2,0,6.6,8.5,24,52,1019.1,6,24.1,"No","No"
"137914",24.5,32.4,0,2.6,10.7,17,58,1007.3,4,31.7,"No","No"
"102264",5.8,14.2,0.3,1.2,1.8,9,49,1022.5,7,13.5,"No","No"
"61291",7.4,17.9,0,1.2,6.8,22,45,1019.1,4,17.2,"No","No"
"117312",11.5,19.1,2.8,2,4.7,20,56,1019.2,7,18.4,"Yes","No"
"37232",10.2,29.5,0,8.8,13.2,13,21,1013.7,2,28.5,"No","No"
"34722",14.4,21.9,2.6,1,7.5,22,56,1022.7,4,21.1,"Yes","Yes"
"77163",15.7,25.2,0,15.2,2.8,19,46,1012,6,22.7,"No","No"
"44730",11.8,30.8,0,7.6,10.9,22,17,1013.5,6,29.3,"No","No"
"83345",13.8,28.2,0,4.2,10.4,11,27,1008.9,2,27.9,"No","No"
"39194",20.1,25.9,0,3.6,2.4,24,81,1016.2,7,24.1,"No","No"
"82923",20.6,27.6,0.4,7.4,0.9,13,86,1009.4,8,22.7,"No","Yes"
"127174",13,17.7,0.4,3.6,4.4,19,71,1020.6,6,15.1,"No","No"
"22005",17.9,22.8,0.2,5.8,9.3,19,74,1015.1,3,21.4,"No","Yes"
"37127",2.4,14.1,1,1.8,10.1,26,45,1022.9,1,13.8,"No","No"
"137591",25.9,33.7,0,5.6,11.4,20,36,1009.7,2,32.9,"No","No"
"104051",17,33.5,0,12.4,12.7,15,12,1011.8,0,32,"No","No"
"120492",10.5,22.7,0,2.4,9.2,9,68,1014.3,3,20.8,"No","Yes"
"101989",13.3,29.5,0,7,0.2,59,35,1002.3,8,24,"No","Yes"
"32172",8,18.8,0,4,10.4,19,46,1012,1,18.6,"No","Yes"
"69176",15.2,36.1,0,3.2,9.8,20,14,1012.6,7,34.4,"No","No"
"92931",24.2,32.9,0.6,6.8,12.1,31,58,1006.3,2,31.3,"No","No"
"93361",24.5,31.7,0,8.6,10.8,26,59,1006.1,3,30.4,"No","No"
"64847",16.3,16.7,2.8,4,0,17,85,1010.8,8,16.1,"Yes","Yes"
"83702",20.4,31.3,0,4.8,5.4,6,54,1007.9,5,28.8,"No","No"
"10000",23.5,30.8,2,7.2,6.1,13,74,1004,2,28.1,"Yes","Yes"
"74203",11.9,17.6,18.8,2.8,1.2,28,78,1012.1,8,15.4,"Yes","No"
"98693",9.6,18.5,0.8,5.8,10,35,53,1009.3,7,16.7,"No","Yes"
"105037",16.6,33,0,14,12.4,9,13,1016.9,5,30.4,"No","No"
"135340",21.2,35.6,0,14.4,12.8,20,17,1011.5,3,34.2,"No","No"
"101836",10.2,14.2,0.4,1.6,3.3,13,69,1024.9,7,13.3,"No","No"
"104935",9.7,17.5,0,4,8.3,30,41,1020.3,6,16,"No","No"
"97367",7.7,27.5,0,5.2,13.4,28,40,1011.6,2,25.2,"No","No"
"65134",10,16.8,0.2,2,4.1,19,49,1022.1,7,15.5,"No","No"
"6240",16.4,31.2,0.2,4.4,8.2,19,30,1017.7,5,30.4,"No","No"
"76199",12,22.7,0,4,7.3,11,51,1022,6,21.2,"No","No"
"22586",16.1,19.8,0.6,4.2,9.9,35,70,1009.9,1,19.1,"No","No"
"9628",18.7,25,3.4,0.2,1.7,22,72,1015.6,8,23.6,"Yes","No"
"91701",10.3,25.1,0,6.2,10.5,19,40,1015.8,1,24.4,"No","No"
"69943",17.9,39.3,0,11.6,13.3,19,7,1013.6,0,37.4,"No","No"
"85485",21.9,30.2,0,6.6,8.2,31,55,1014.9,5,28.2,"No","No"
"119918",14.3,24.6,0,6.8,8.3,17,50,1012.4,6,23,"No","No"
"97308",12.3,30.5,6,1.8,7.8,19,38,1001.7,7,28.7,"Yes","Yes"
"134153",7.2,27.8,0,3.8,7.7,20,22,1011.5,7,26.1,"No","No"
"97235",3.6,17.4,0.2,2.4,10.2,20,45,1016.9,3,17.1,"No","No"
"119586",12.1,25.7,0,8.8,13,15,28,1011.4,0,24.7,"No","No"
"34353",10.9,18,0.2,3.2,7.1,30,67,1028.3,5,17.5,"No","Yes"
"76348",9.4,15.6,0.2,1.2,8.1,26,52,1003.9,6,14.2,"No","Yes"
"37468",6.4,19,6,3,9.5,13,52,1012.8,5,18.6,"Yes","No"
"97909",11.2,16.9,0,0.2,4,4,70,1030,6,16.2,"No","No"
"118981",25.6,41.1,0,15,13.3,15,20,1005.6,1,40,"No","No"
"77015",11,16.1,0,2.2,7.6,26,51,1018.1,7,15.4,"No","Yes"
"31293",16.3,26.2,0,3.8,10.9,19,41,1013.8,2,25.4,"No","Yes"
"71105",10.9,27.9,0,10.8,9.3,19,18,1023.8,1,27.1,"No","No"
"133206",20.6,34.6,0,17.6,11,22,15,1008.9,4,32.4,"No","No"
"115839",14.7,30.2,0,9.8,11.3,28,13,1011.8,0,29.5,"No","No"
"97665",6.6,19.5,0,4,12.3,24,46,1024.1,1,17.7,"No","No"
"70940",15.7,21,0,10.6,4.6,17,88,1014.5,8,12.4,"No","Yes"
"39512",15,32.9,0,5.2,13.3,35,22,1003.6,2,32.2,"No","No"
"91065",13.8,26.2,0,6.4,9.6,31,49,1017.7,5,23.1,"No","No"
"63800",15.1,27.5,0,5.2,11.2,11,38,1017,1,26.6,"No","No"
"128942",12.3,23.7,0,7.6,8,28,85,984.4,5,18.1,"No","Yes"
"68275",9,23.5,0,5.6,10.7,19,38,1019.7,4,22.7,"No","No"
"60756",13.1,17.6,14.4,6.2,3,11,58,1019.7,8,16.5,"Yes","No"
"20702",18.9,21.9,2.4,4.8,0,30,92,1017.6,8,20.1,"Yes","Yes"
"6220",6.1,22,0,5.6,11.9,9,16,1021.6,1,21.1,"No","No"
"65223",17.5,31,1.8,8.6,5.4,26,58,1007.7,4,26.5,"Yes","No"
"21325",17.3,21.6,0,4,4.8,20,73,1019.1,5,20.7,"No","No"
"6315",24.5,42.4,0,15,12.3,7,9,1007.5,1,39.5,"No","No"
"104350",12.2,25.8,0,13,13.1,15,23,1020.7,0,24.1,"No","No"
"74682",5.2,9.7,0,0.6,0,19,81,1009.2,7,9,"No","No"
"63738",14.2,21.8,11.4,3.8,9,31,44,1010.9,4,20.2,"Yes","No"
"22619",14.6,19,0,6,9.1,31,58,1020.2,5,17.8,"No","No"
"22456",18.6,24.2,0.2,1.8,9.4,17,79,1014.4,6,22.7,"No","No"
"97969",14.1,31.4,0,7.8,12.2,26,24,1017.2,6,30.5,"No","No"
"37748",4.7,14.4,0,1.6,2.4,6,78,1020.1,7,13.1,"No","Yes"
"36467",1.6,18.9,0,2.6,10.6,7,54,1023.1,3,18.4,"No","No"
"13984",8.2,19.4,0,6.8,10.6,22,54,1018.8,5,17.8,"No","No"
"115411",9.9,26.6,0,10.2,13.3,35,37,1011.9,1,24.7,"No","No"
"64640",8.3,15.8,0.4,1,4.6,28,60,1018.7,6,14.4,"No","Yes"
"119169",12.2,19.5,6.8,4.4,0.2,19,79,1012.4,7,16.9,"Yes","Yes"
"75995",8.7,16.1,0,2.8,3.6,15,94,1013.9,7,12.1,"No","Yes"
"65594",10,23.3,0,10.6,13.3,19,33,1018.2,1,22.2,"No","No"
"118309",18.2,33.5,0,9.2,12.1,11,28,1014.6,4,33.1,"No","No"
"99024",4.8,23.9,0,5.2,9.8,20,43,1015,7,21.2,"No","No"
"38923",14.1,23,0,4.6,3.6,19,80,1017,7,19,"No","Yes"
"92217",17.3,29,0,11,11.3,31,44,1012.1,1,27.6,"No","No"
"73554",12.9,28.4,0.4,4,11.4,19,44,1014.4,8,27.7,"No","No"
"100514",5.1,15.2,0,1.4,8.8,15,62,1026.7,2,13.4,"No","No"
"97602",8.4,13.8,0,3.6,3.9,24,54,1026.6,6,12.6,"No","No"
"45445",6.7,22.6,0,4.6,5,9,44,1015.6,2,21.4,"No","No"
"44557",1.2,14.5,0,1.2,8.9,6,43,1023.5,1,13.9,"No","No"
"21729",17.6,25.3,0,5,9.6,19,65,1016.4,7,23.3,"No","No"
"68141",7.6,17,0,1,0,9,62,1018.6,7,16.5,"No","No"
"73182",13.2,18.5,0,5.4,12,24,54,1022.6,7,17.2,"No","No"
"116491",19.8,32.3,0,12,12.2,17,22,1016.6,0,31.7,"No","No"
"100420",16,30.4,0.4,5.6,10.4,13,28,1021.4,4,29.4,"No","No"
"70401",10,23.1,0,3,8.2,9,47,1021,5,22.1,"No","No"
"12085",-0.4,17.9,0,3.6,10.3,19,31,1022.2,1,17.6,"No","No"
"44478",12.9,31.8,0,6,11.3,9,24,1019.3,3,30,"No","No"
"84648",18.1,29,0,11,12.4,15,53,1011.6,2,26.6,"No","No"
"66368",15.3,30.4,0,6.6,10.5,13,26,1021,2,29.4,"No","No"
"91100",22.2,29.1,1.2,4.2,9.5,33,53,1014.9,2,27.3,"Yes","No"
"138876",25.5,33.7,0.8,5.4,9,15,53,1007.9,1,32.8,"No","No"
"45538",15.8,37.5,0,8.4,13.3,9,23,1012.7,1,36.9,"No","No"
"98836",8.9,10.4,19.8,4,0,33,93,1002.1,8,8.2,"Yes","Yes"
"133494",9.3,25,1.8,2.2,8.2,11,40,1019.6,1,24.2,"Yes","No"
"61028",1.6,15.3,0.2,1.7,0.5,4,56,1014,8,15.1,"No","No"
"77389",6.3,23.2,0.2,3.2,6.2,13,43,1001.6,7,20.8,"No","No"
"67349",5.2,14.8,0,2,8.2,24,44,1019.1,6,13.3,"No","No"
"117925",21.2,31.7,0,10.2,11.9,17,49,1008.4,1,30.8,"No","No"
"99982",12.1,33.8,0,10,13.7,22,14,1008.9,0,32.5,"No","No"
"62843",11.3,21.2,0,5,5.1,13,42,1017.1,7,20,"No","No"
"33183",19,26.6,0,4.8,4.3,31,52,1020,7,25.6,"No","No"
"9723",17.9,25.2,9.4,2.2,8.4,24,68,1018,7,24.2,"Yes","No"
"36697",-1.9,11.4,0,2.4,1.4,13,61,1015.9,6,10,"No","Yes"
"101145",7.9,27.3,0,4.4,10.1,22,17,1019.6,3,26.6,"No","No"
"12766",6.5,17.4,0.2,3.2,10.1,35,29,1016.4,1,17.1,"No","No"
"86543",20.4,31.5,0,10,8.6,20,62,1011.4,3,29.4,"No","No"
"36869",14,24.8,34.2,1.2,10.1,39,39,1004.3,6,24.2,"Yes","No"
"119752",13.1,22.1,0,2.6,0.1,9,53,1015.2,8,21.7,"No","Yes"
"73224",11.3,14.7,0,2.6,0.3,19,65,1025.9,8,14.1,"No","No"
"132903",16.6,26.6,0,9.6,13.3,24,39,1009.6,1,25.9,"No","No"
"38944",10.5,21.2,29.6,0.6,9.2,7,55,1019.6,1,20,"Yes","Yes"
"85974",23.4,31.2,1.6,5.6,5.9,11,71,1004.7,7,29.5,"Yes","Yes"
"69639",15.3,23.9,10.4,9.6,6.1,22,40,1019.5,7,21.2,"Yes","No"
"34268",16.9,26.1,2,4.8,6.8,31,54,1020.7,6,24.2,"Yes","Yes"
"59897",4.5,11.7,5.6,1.8,7.1,28,51,1018.8,6,9.1,"Yes","No"
"35615",16.5,25,7,2.8,10.7,22,60,1007,2,22.9,"Yes","No"
"115711",10.5,21.8,1.6,5.2,10.6,19,39,1017.3,4,20.9,"Yes","No"
"64002",3.1,13.5,0,2.4,4.6,19,51,1022,7,12.5,"No","No"
"45936",2.1,18.3,0,4.6,9.3,9,52,1030.2,1,15.5,"No","No"
"31753",8.2,18.1,0,4,9.9,24,36,1010.8,1,16.2,"No","No"
"64228",5,17.7,0,3.4,5.6,6,43,1023,7,16.8,"No","No"
"116730",13.9,33.1,0,6.2,11.6,30,62,1012.2,4,22.9,"No","Yes"
"129749",9.6,23.1,0,5,12,22,34,1018.1,1,22.2,"No","No"
"22026",18.1,24.7,0,6.2,5.6,15,55,1011.5,6,23.7,"No","No"
"126963",11,14.6,6,4.6,4.6,26,53,997.3,3,11.7,"Yes","Yes"
"83130",13.2,20.8,0.6,2.6,0.7,6,63,1015.8,7,20,"No","Yes"
"118578",18.5,37.2,0,12.4,13,11,10,1013.8,1,36.3,"No","No"
"120214",4.6,15.5,12.6,1.6,6.5,6,55,1021.5,7,14.6,"Yes","Yes"
"103501",6.1,16.4,0,3,8.4,30,45,1024.3,6,15.7,"No","No"
"67400",16.4,16.6,0,10.2,0.9,7,89,1007,7,14.2,"No","Yes"
"86115",11.9,24.4,0,4.6,11,17,39,1012.6,0,23.9,"No","No"
"135290",2.9,21.7,0,11,11.5,22,6,1020.7,0,20.4,"No","No"
"133728",22,33.2,3.8,6.4,9.6,24,45,1005.5,5,32.4,"Yes","Yes"
"45473",11.7,26.1,0,6,4.5,17,55,1016.2,7,23.9,"No","No"
"85303",23.5,31.4,29,5,7.6,24,63,1009.1,7,29.8,"Yes","Yes"
"91284",24.1,34.6,0,7.2,12,15,38,1006.6,3,33.7,"No","No"
"92819",18.2,27.3,0,5,10.2,17,24,1011.2,1,26.6,"No","No"
"78259",15.2,35.4,0,8,11,15,25,1005.3,3,33.9,"No","No"
"20883",15.7,20.3,0.8,4.2,4.8,9,76,1016.3,4,18.9,"No","No"
"118290",13.3,26.1,0,10,12.9,31,36,1015.5,5,24.2,"No","No"
"33056",6.7,18.1,0,1.8,4.1,17,49,1016.6,7,17,"No","No"
"93203",13.9,27.4,0,10.4,10,30,59,1016,2,25.5,"No","No"
"138074",16.2,30.7,0,6,11.1,24,45,1012.6,0,28.6,"No","No"
"129233",12.3,29,0,8.8,11.3,33,19,1008.5,6,28.3,"No","No"
"70570",17.2,23.8,0.1,6.3,4.1,15,83,1025.2,6,15.2,"No","Yes"
"35394",19.3,24.3,0.4,6.8,6.7,17,65,1022.1,2,23.4,"No","Yes"
"98601",10.2,20.4,0,3.2,2.2,39,61,1001.6,5,17.5,"No","Yes"
"133231",12.3,33,0,15.2,12.7,19,2,1011.9,5,32.3,"No","No"
"59753",9.3,22.4,0.4,7.4,10.3,24,40,1021.8,1,20.7,"No","No"
"114717",15.7,30,12.6,8,13.2,20,39,1013.9,1,28,"Yes","No"
"37068",0.2,17.2,0,1.2,9.2,11,61,1014.6,6,14.9,"No","No"
"37719",9.6,24.2,0,1.8,8.1,30,34,1013.4,2,23.5,"No","No"
"83212",18.1,24.8,0,7.8,6.1,9,62,1010.6,3,22.6,"No","No"
"65002",5.4,17.5,0,0.8,5.4,22,55,1027,5,16.6,"No","No"
"138094",21.5,32.4,0,6,11,22,40,1011.8,1,31.4,"No","No"
"13314",17.4,32.3,0,9.4,11.2,20,34,1011.9,5,30.3,"No","No"
"61572",16.2,20.3,0.4,4.8,0,13,83,1018.2,8,19.5,"No","Yes"
"65798",5.9,12.8,14,1,5.7,31,55,1025.7,7,11.7,"Yes","No"
"68419",3.4,22.1,0,4.4,10.9,20,16,1012.8,0,21.5,"No","No"
"120793",19.5,29.9,0,7,11.3,17,39,1011.1,0,29,"No","No"
"34432",11.6,24.7,0,4.2,10.7,35,15,1007.4,1,23.6,"No","No"
"74394",12.8,18,0,7.8,0.1,19,71,998,8,16.3,"No","Yes"
"118568",14.8,29.7,0,6.4,8.1,13,34,1010.8,6,27.2,"No","No"
"65577",26,34.7,0,16.4,10.7,28,58,1007.1,6,24.6,"No","No"
"91426",20.5,25.6,0,6.6,1.4,13,58,1020.1,7,24.3,"No","No"
"101933",-0.1,10.2,0,1,6.2,9,52,1031.3,7,9.7,"No","No"
"22608",15.1,20.7,0,3,9.7,7,80,1016.8,2,19.1,"No","No"
"92685",24.4,29.9,0,8,4.6,31,64,1012.1,6,28.5,"No","Yes"
"70745",8.2,24.6,0,4,7.4,9,28,1021.1,8,24,"No","No"
"39082",7,27.3,0,8.4,11.1,26,15,1008.2,0,26.9,"No","No"
"120137",8.2,20.4,0,1.8,4.8,9,57,1020.2,4,19.7,"No","No"
"138773",16.6,30.6,0,5,11,22,32,1010.6,1,29.8,"No","No"
"100736",23.3,41.7,0,14.6,13.4,20,16,1008.5,2,41.1,"No","No"
"39328",10.8,18.8,0,3.6,0.8,26,87,1008.3,7,18,"No","Yes"
"103604",7.3,18.8,0,6.4,11.6,22,27,1027.3,0,17.8,"No","No"
"21037",20.7,25.4,0,6.4,4.2,20,60,1016.6,6,24.4,"No","No"
"70893",3.7,17.9,0.4,2.2,9.9,11,47,1026.4,3,17.1,"No","No"
"61515",12.4,23.2,0,7,12.5,31,64,1015.4,5,22.3,"No","No"
"60385",5,25.5,0,5.8,10.3,24,25,1025.5,1,24.6,"No","No"
"32261",18.2,26.3,0.2,7.4,11.1,22,65,1008.7,1,23.8,"No","No"
"129457",7.6,16.4,5,3.6,7.9,22,39,1006.1,3,15.5,"Yes","Yes"
"118670",21.4,33.8,0,8.6,12.8,9,41,1004.4,2,31.8,"No","No"
"63514",18.5,26.7,0,5,8.5,20,56,1012.9,4,25.2,"No","No"
"100032",12.9,30,0,8.8,12.1,13,12,1015.9,3,28.6,"No","No"
"9666",21.8,25.2,17.4,7,0.9,33,90,1010.3,8,23.7,"Yes","Yes"
"92378",14.3,28.1,0,7.6,10.4,19,55,1012,4,26.3,"No","No"
"98953",2.6,19.5,0,1.8,9.9,11,44,1026.4,7,18.7,"No","No"
"126913",10.4,16.8,33,9.6,2.3,22,87,1006.1,8,14.3,"Yes","Yes"
"64709",7.7,15.5,0.6,3.6,3.5,22,46,1025.5,7,14.1,"No","No"
"44963",3.7,11.1,0,2.6,8.6,28,66,1013.2,2,9.3,"No","No"
"103580",7.5,16.9,0,2.6,4.6,19,48,1020.6,7,16,"No","No"
"37463",6.8,23.8,0,2.8,8.8,17,40,1011.4,6,23.2,"No","No"
"22581",14.4,18,0.2,2.4,9.8,28,57,1021.6,3,17.6,"No","No"
"84364",20.9,34.3,0,9.2,12.5,13,49,1007,1,32.5,"No","No"
"63664",10.7,20,1.2,1.6,6.5,33,48,1013.4,7,18.7,"Yes","No"
"128936",11.1,18.7,2.2,4.2,0.5,15,74,1014.3,7,17.1,"Yes","Yes"
"93230",19.8,29,0,10,11.3,37,48,1023.3,1,27,"No","No"
"71150",10.8,17.8,6.6,0.2,0.8,11,79,1014.6,6,16.8,"Yes","No"
"64560",15.9,22,8,2.6,4.3,15,64,1016.1,7,20.1,"Yes","No"
"136495",27.8,32.2,0,6.2,4.8,31,63,1004.9,7,31.8,"No","No"
"36857",18.9,31,0,8,12.6,35,15,1008.6,2,29.9,"No","No"
"136932",20.1,32.1,0,5.2,9.7,15,54,1008.9,5,30.4,"No","No"
"68391",5.3,16.6,0.2,1.2,5,19,56,1024.1,7,16.1,"No","No"
"117473",12.4,24.1,0,9.2,12.6,31,46,1016.4,0,22.5,"No","No"
"66782",4,15.7,0,1.4,1.9,20,56,1016.6,7,14.5,"No","Yes"
"134459",2,18,0,4.2,6.8,19,33,1018.3,6,17.4,"No","No"
"96968",18.2,20.6,0,12.2,2.3,30,64,1007.2,8,19.8,"No","No"
"10469",7.2,18.5,0,3.6,9,19,57,1023.2,2,17.7,"No","No"
"66969",13.5,23.8,6.6,10.6,11.8,15,42,1006.6,6,20.4,"Yes","No"
"119614",18.4,28.4,0,9.4,10.9,11,63,1008.2,8,24.5,"No","No"
"100871",5.8,11.2,0,1.2,7.9,19,57,1029.4,5,10.4,"No","No"
"129753",8.9,21.8,0,4,11.1,17,43,1021.1,4,21.3,"No","No"
"92605",22.7,32.9,1,11.2,11,41,44,1010.8,7,31.5,"No","No"
"105538",13.1,24.7,0,8.6,10.9,20,37,1023.3,0,24,"No","No"
"63947",8.1,11,3.4,1.4,0,52,89,1005.8,8,9.4,"Yes","Yes"
"120388",24.5,27,0,15.8,1.3,7,88,1006,8,20.5,"No","Yes"
"73413",2.5,16.3,0.2,3.4,12.2,13,69,1026.2,6,16,"No","No"
"73549",14.3,31.7,0,9,9.4,28,32,1011.6,5,30.9,"No","No"
"38197",7,22.7,0,3,11.1,6,50,1024.4,1,22.7,"No","No"
"69042",4.8,15,0,2.2,8.8,17,50,1027.6,3,14.8,"No","No"
"83423",12.5,25.4,0,2,9.7,6,31,1019.1,1,24.4,"No","No"
"118863",4.9,22.2,0,3,11.3,15,36,1014.8,2,21.6,"No","No"
"33064",9,17.5,0,6.2,10.4,19,44,1026,1,17,"No","No"
"64514",12.5,23.7,0,13.8,12.7,30,42,1018.3,1,22.6,"No","No"
"44970",3.9,12.8,0,1,1.3,6,65,1018.4,7,11.7,"No","No"
"104482",12,13.2,8,4,0,35,95,1008.7,8,12,"Yes","Yes"
"64513",19.8,41.2,0,18.4,11.8,37,32,1011.8,3,28.5,"No","No"
"118245",20.9,35.5,0,11,13.1,19,37,1009.1,1,32,"No","No"
"103783",11.3,23.2,0,4,2.9,22,40,1012.6,0,21.6,"No","No"
"117914",19.8,27.1,0,9,10.7,22,52,1011.8,1,26.5,"No","No"
"32614",17.3,23.9,0,7.4,12.8,28,53,1021.9,1,23.1,"No","No"
"65516",8,18.5,0.6,5.8,12.7,22,41,1010.9,5,16.6,"No","No"
"103035",22.9,40.9,0,16,12.1,15,11,1009.5,0,39.5,"No","No"
"36317",10.6,29.5,0,4,8.4,17,26,1014.9,6,28.4,"No","Yes"
"37997",16.7,30.2,0,8,11.5,22,38,1010.4,6,29.2,"No","No"
"33012",9.2,16.4,0,2.2,0.2,9,83,1005.2,7,14.9,"No","No"
"38160",4.4,12.5,0,0.4,2.2,15,67,1023.9,7,11.2,"No","No"
"37989",22.3,30.3,0,10.4,4.1,17,42,1013.9,7,27.9,"No","Yes"
"76493",20.5,28,11.2,1,2,22,70,1002.9,7,27.1,"Yes","No"
"60116",15.2,24.9,0,4.8,9.4,22,58,1014.3,1,23.5,"No","No"
"44773",14.2,30.8,0,6.8,11,17,23,1009.6,1,29.2,"No","No"
"114821",10,27.4,0,4.2,7,9,20,1023.5,7,26.7,"No","No"
"103920",12,18.6,0,6.6,10.2,24,15,1020.3,0,17.8,"No","No"
"13726",13.5,22,0,4,0,11,41,1022.1,7,21.7,"No","No"
"39722",10.4,15.9,22,18,0,35,73,1014.5,8,14.4,"Yes","Yes"
"138151",23.5,33.6,5.6,7.6,8.3,17,56,1010.1,6,32.7,"Yes","Yes"
"68060",13.7,19.4,0,6,11.8,15,52,1022.3,1,18.2,"No","No"
"116397",14.2,27.6,0,8,12.4,24,48,1005.2,1,25.9,"No","No"
"77655",9.5,15.8,0.8,1,4.6,17,91,1018.5,6,12.6,"No","Yes"
"92481",15.8,29.7,0,7,10.7,17,46,1012.8,0,28.1,"No","No"
"98443",10.7,20.9,0,3.2,8.1,20,43,1027.7,2,20.2,"No","No"
"37905",10.8,23.3,12.4,3.6,13.5,20,27,1017.6,1,21.6,"Yes","No"
"137930",23.3,33.4,0,8.4,11.4,17,42,1008.5,3,32.7,"No","No"
"35379",15.2,21.6,1,5.4,11,28,47,1011.4,1,20.9,"No","No"
"138639",24.6,33.8,28.6,4.4,10.6,20,67,1006.6,6,32.6,"Yes","Yes"
"20946",17.6,22.1,0,5.4,3.5,28,71,1022.2,7,20.6,"No","No"
"128991",9.5,15.5,1.4,4.4,8.9,24,49,1022.1,6,14.2,"Yes","No"
"20811",13.6,17.1,8.8,2,7,35,68,1004.8,7,16.5,"Yes","No"
"39625",5.2,17.5,0,2.6,4.5,39,37,1008,7,16.1,"No","No"
"97403",11.2,22.6,0,5.4,12,31,42,1020.7,1,21.6,"No","No"
"9035",15.9,23.9,1.2,4.2,9.5,41,50,1011.4,4,22.9,"Yes","Yes"
"85299",24.8,31.4,2.8,5.2,8.3,15,72,1006.6,3,30.2,"Yes","Yes"
"118607",17,31.3,0,10.8,13.2,15,25,1006.9,4,30.3,"No","No"
"82174",18.9,28.5,0,9.4,6.9,13,60,1013.4,7,24.5,"No","Yes"
"13874",19.3,35.8,0,15,13,7,21,1009.9,1,34.4,"No","No"
"36379",8.7,17.4,0,2,9.1,11,57,1025.3,2,17.2,"No","No"
"134816",5.5,18.4,0,4.8,10.4,24,30,1024.5,0,17.6,"No","No"
"69634",9.6,27,0,5.2,10.6,11,30,1016.3,1,25.8,"No","No"
"37571",12.2,32,0,4.6,12.1,13,21,1008.8,1,30.7,"No","No"
"115217",5.6,21.4,0,1.6,8.6,17,47,1020.7,6,21.1,"No","No"
"133857",2.7,24.9,0,7.4,11.1,13,12,1021.3,0,24.5,"No","No"
"45430",12.2,19.9,38.6,4.6,10.4,26,62,1010.2,3,19.6,"Yes","Yes"
"21925",13.4,18.5,0,5.6,5.6,22,75,1015.4,3,17.1,"No","No"
"87177",16.9,26.6,0,3.6,10,9,59,1014.9,2,25.5,"No","No"
"120067",21.3,26.5,2.4,3.4,9.8,17,61,1011,4,24.8,"Yes","No"
"13235",13.7,32.4,0,8.2,12.4,15,18,1011,1,30.5,"No","No"
"138060",17.8,31.4,0,11.6,11.1,22,28,1012.8,0,29.5,"No","No"
"104720",28.5,44.7,0,20.8,7.9,31,9,1007.9,4,43.6,"No","No"
"21693",20.2,24.6,0,5.4,6.8,22,81,1008.5,6,24.1,"No","No"
"44473",4.4,21.8,0,6.2,12.1,15,31,1019.3,1,20,"No","No"
"115105",20.3,27.9,0,4,7.4,20,60,1014,1,26.5,"No","No"
"22459",20.2,22.7,0.4,2.4,0,17,92,1012.7,8,21.8,"No","Yes"
"138427",21.1,32.9,0,8,11,17,20,1011.4,0,31.9,"No","No"
"73377",7.6,12.9,0.2,0.2,7.9,17,55,1016.2,7,11,"No","Yes"
"34599",19.8,28.7,0,9.4,13,46,44,1018.2,1,27.6,"No","No"
"93339",25.3,32.5,1,9,11.1,30,59,1012.6,6,30.8,"No","No"
"129785",15.2,16.3,0.2,5.8,0.6,17,89,1004.7,7,14.7,"No","Yes"
"65747",11,14.5,0.6,5.2,4,35,52,1016.2,4,13.7,"No","Yes"
"116743",8.8,28.7,0,7.2,12.6,26,35,1019.5,6,26.3,"No","No"
"84170",9.1,23.6,0,3,10,9,49,1020.8,1,22.2,"No","No"
"96982",6.2,23.1,0,5.6,13.6,22,45,1013.3,4,22.3,"No","No"
"12381",6.5,22.8,0,3,2.1,13,26,1016,4,22.6,"No","No"
"83863",13.4,23.4,0.6,6.8,7.1,17,53,1025.5,7,21.4,"No","Yes"
"138200",24.5,33.6,15.6,6.6,6.5,13,52,1005.8,4,33.2,"Yes","No"
"76433",15.7,31.8,0,8,2.2,22,49,1004.7,7,29.4,"No","Yes"
"76874",20.9,25.3,7.2,11.4,0,9,96,1012,8,24.3,"Yes","Yes"
"70931",5.2,18.8,0,3,6.4,20,43,1020.4,7,16.7,"No","No"
"102535",9.5,28.2,0,6.1,10,22,29,1011.5,5,26.6,"No","Yes"
"33779",14.3,16.8,0,4,4.2,20,56,1029,7,15.6,"No","No"
"86311",26.8,36.1,3.4,5.4,5,20,71,997.8,7,31.9,"Yes","No"
"104354",15.6,30.1,0,15.4,11.1,11,16,1017.8,0,28.2,"No","No"
"67786",9.2,14.4,4.8,0.8,7.5,6,62,1006.7,4,13.3,"Yes","No"
"35847",14.5,30.4,0,17,12.9,28,8,1010.9,0,28.5,"No","No"
"77256",13.8,17,0.4,5,4.5,17,46,1010.6,7,16.4,"No","No"
"74881",12.5,16.7,0,3.4,5,22,75,1018.1,8,14.2,"No","No"
"129264",11.1,25.1,0,6.4,3,17,38,1007.7,7,24.6,"No","No"
"134022",24.4,32.7,0,15,12.5,31,23,1002.9,0,31.6,"No","No"
"44511",6.9,18.9,0,4.2,4.1,9,45,1025.4,4,17.8,"No","No"
"33957",22.5,30.3,0,5,6.1,20,52,1014.7,5,28.8,"No","No"
"35635",18.3,26.2,0,6.4,4.4,33,48,1009.1,2,26.1,"No","No"
"119275",14,26.6,0,8,12,24,52,1014.6,0,23.5,"No","No"
"71153",9.5,22.6,0,3.6,7.8,24,35,1016.9,1,22.4,"No","Yes"
"133212",6.3,26.9,0,23.4,12.3,28,5,1019.4,0,26.4,"No","No"
"22131",14.4,21.1,6,5.4,4.6,26,65,1009.5,6,19.3,"Yes","No"
"21701",21,25.2,0,4.4,5.6,26,80,1015.2,6,23.4,"No","No"
"60866",14.7,22.1,0.6,4.8,10.2,26,59,1017.2,5,20.6,"No","No"
"85038",21.1,27.7,3.6,2.6,5.2,22,61,1015.7,6,25.9,"Yes","No"
